State,Vehicle_Class,Month_Name,EV_Sales_Quantity,Year,Date,Advanced_Predictions
Andaman & Nicobar Island,Bus,JAN,0,2025,2025-01-15,3.881766299954239
Andaman & Nicobar Island,Bus,FEB,2,2025,2025-02-15,0.007408917311370272
Andaman & Nicobar Island,Bus,MAR,0,2025,2025-03-15,0.003988029342926678
Andaman & Nicobar Island,Bus,APR,0,2025,2025-04-15,0.007459907318875696
Andaman & Nicobar Island,Bus,MAY,0,2025,2025-05-15,1.783695550267208
Andaman & Nicobar Island,Bus,JUN,0,2025,2025-06-15,0.004073346625745935
Andaman & Nicobar Island,Bus,JUL,0,2025,2025-07-15,4.257055174078912
Andaman & Nicobar Island,Bus,AUG,0,2025,2025-08-15,0.003269340161071432
Andaman & Nicobar Island,4-Wheelers,JAN,4,2025,2025-01-15,5.009679045518587
Andaman & Nicobar Island,4-Wheelers,FEB,1,2025,2025-02-15,0.0
Andaman & Nicobar Island,4-Wheelers,MAR,5,2025,2025-03-15,4.731828256389352
Andaman & Nicobar Island,4-Wheelers,APR,3,2025,2025-04-15,0.005590958305208004
Andaman & Nicobar Island,4-Wheelers,MAY,3,2025,2025-05-15,4.624332843770094
Andaman & Nicobar Island,4-Wheelers,JUN,5,2025,2025-06-15,6.880286153099782
Andaman & Nicobar Island,4-Wheelers,JUL,7,2025,2025-07-15,1.6086657095049741
Andaman & Nicobar Island,4-Wheelers,AUG,2,2025,2025-08-15,6.083167272873597
Andaman & Nicobar Island,4-Wheelers,JAN,0,2025,2025-01-15,3.6065669334555115
Andaman & Nicobar Island,4-Wheelers,FEB,0,2025,2025-02-15,0.0017786857085237784
Andaman & Nicobar Island,4-Wheelers,MAR,2,2025,2025-03-15,2.2804506997438025
Andaman & Nicobar Island,4-Wheelers,APR,0,2025,2025-04-15,0.0
Andaman & Nicobar Island,4-Wheelers,MAY,1,2025,2025-05-15,3.4334695940798228
Andaman & Nicobar Island,4-Wheelers,JUN,0,2025,2025-06-15,2.694351162334814
Andaman & Nicobar Island,4-Wheelers,JUL,3,2025,2025-07-15,3.0565617975547266
Andaman & Nicobar Island,4-Wheelers,AUG,4,2025,2025-08-15,0.0
Andaman & Nicobar Island,2-Wheelers,JAN,2,2025,2025-01-15,3.10335406968796
Andaman & Nicobar Island,2-Wheelers,FEB,0,2025,2025-02-15,1.3500124812234342
Andaman & Nicobar Island,2-Wheelers,MAR,1,2025,2025-03-15,3.2807778401440015
Andaman & Nicobar Island,2-Wheelers,APR,2,2025,2025-04-15,0.0
Andaman & Nicobar Island,2-Wheelers,MAY,6,2025,2025-05-15,4.1934776115588255
Andaman & Nicobar Island,2-Wheelers,JUN,4,2025,2025-06-15,3.1927572920744534
Andaman & Nicobar Island,2-Wheelers,JUL,4,2025,2025-07-15,2.9232430133329403
Andaman & Nicobar Island,2-Wheelers,AUG,1,2025,2025-08-15,3.336349579608455
Andaman & Nicobar Island,2-Wheelers,JAN,0,2025,2025-01-15,0.0
Andaman & Nicobar Island,2-Wheelers,FEB,0,2025,2025-02-15,2.031162368955468
Andaman & Nicobar Island,2-Wheelers,MAR,0,2025,2025-03-15,0.0
Andaman & Nicobar Island,2-Wheelers,APR,0,2025,2025-04-15,0.0
Andaman & Nicobar Island,2-Wheelers,MAY,0,2025,2025-05-15,0.0
Andaman & Nicobar Island,2-Wheelers,JUN,0,2025,2025-06-15,0.0
Andaman & Nicobar Island,2-Wheelers,JUL,10,2025,2025-07-15,0.0
Andaman & Nicobar Island,2-Wheelers,AUG,5,2025,2025-08-15,0.0
Andhra Pradesh,4-Wheelers,JAN,0,2025,2025-01-15,0.10130593242065312
Andhra Pradesh,4-Wheelers,FEB,0,2025,2025-02-15,2.4286725743954864
Andhra Pradesh,4-Wheelers,MAR,0,2025,2025-03-15,1.3901030900052822
Andhra Pradesh,4-Wheelers,APR,1,2025,2025-04-15,6.935735707109788
Andhra Pradesh,4-Wheelers,MAY,1,2025,2025-05-15,0.020406526947251744
Andhra Pradesh,4-Wheelers,JUN,0,2025,2025-06-15,28.259282231877258
Andhra Pradesh,4-Wheelers,JUL,0,2025,2025-07-15,1.294020708870775
Andhra Pradesh,4-Wheelers,AUG,0,2025,2025-08-15,54.952059787663835
Andhra Pradesh,Others,JAN,0,2025,2025-01-15,2.0728992651705074
Andhra Pradesh,Others,FEB,0,2025,2025-02-15,51.615757607568156
Andhra Pradesh,Others,MAR,2,2025,2025-03-15,2.07536341451791
Andhra Pradesh,Others,APR,0,2025,2025-04-15,63.286265597340886
Andhra Pradesh,Others,MAY,0,2025,2025-05-15,2.0634076687222165
Andhra Pradesh,Others,JUN,0,2025,2025-06-15,68.06909402511008
Andhra Pradesh,Others,JUL,0,2025,2025-07-15,2.0625206372544573
Andhra Pradesh,Others,AUG,1,2025,2025-08-15,67.068430794378
Andhra Pradesh,Bus,JAN,0,2025,2025-01-15,0.05972472094629415
Andhra Pradesh,Bus,FEB,0,2025,2025-02-15,175.65421413157463
Andhra Pradesh,Bus,MAR,0,2025,2025-03-15,1.9947559256503173
Andhra Pradesh,Bus,APR,0,2025,2025-04-15,0.7310802167674629
Andhra Pradesh,Bus,MAY,0,2025,2025-05-15,175.08435533353472
Andhra Pradesh,Bus,JUN,9,2025,2025-06-15,1.8437777342330681
Andhra Pradesh,Bus,JUL,5,2025,2025-07-15,0.7535691344744115
Andhra Pradesh,Bus,AUG,6,2025,2025-08-15,190.2451653194558
Andhra Pradesh,Others,JAN,1,2025,2025-01-15,1.8392741155681658
Andhra Pradesh,Others,FEB,2,2025,2025-02-15,2.088062583862068
Andhra Pradesh,Others,MAR,6,2025,2025-03-15,192.13121595045612
Andhra Pradesh,Others,APR,8,2025,2025-04-15,3.2160277454190402
Andhra Pradesh,Others,MAY,4,2025,2025-05-15,2.088062583862068
Andhra Pradesh,Others,JUN,9,2025,2025-06-15,192.13121595045612
Andhra Pradesh,Others,JUL,8,2025,2025-07-15,3.2160277454190402
Andhra Pradesh,Others,AUG,5,2025,2025-08-15,2.0907015352992704
Andhra Pradesh,4-Wheelers,JAN,312,2025,2025-01-15,192.13121595045612
Andhra Pradesh,4-Wheelers,FEB,347,2025,2025-02-15,3.2186666968562427
Andhra Pradesh,4-Wheelers,MAR,361,2025,2025-03-15,2.0910288397135264
Andhra Pradesh,4-Wheelers,APR,499,2025,2025-04-15,192.13121595045612
Andhra Pradesh,4-Wheelers,MAY,528,2025,2025-05-15,3.218994001270499
Andhra Pradesh,4-Wheelers,JUN,531,2025,2025-06-15,2.090193237453152
Andhra Pradesh,4-Wheelers,JUL,486,2025,2025-07-15,192.13121595045612
Andhra Pradesh,4-Wheelers,AUG,523,2025,2025-08-15,2.0666668818358165
Andhra Pradesh,4-Wheelers,JAN,6,2025,2025-01-15,0.023848784045124003
Andhra Pradesh,4-Wheelers,FEB,4,2025,2025-02-15,0.0036752678951511063
Andhra Pradesh,4-Wheelers,MAR,4,2025,2025-03-15,0.0
Andhra Pradesh,4-Wheelers,APR,3,2025,2025-04-15,1.2829344223879058
Andhra Pradesh,4-Wheelers,MAY,2,2025,2025-05-15,1.2829344223879058
Andhra Pradesh,4-Wheelers,JUN,2,2025,2025-06-15,5.5538355507192545
Andhra Pradesh,4-Wheelers,JUL,3,2025,2025-07-15,3.4305239068031845
Andhra Pradesh,4-Wheelers,AUG,0,2025,2025-08-15,3.729234000105623
Andhra Pradesh,Others,JAN,0,2025,2025-01-15,0.03016874707387707
Andhra Pradesh,Others,FEB,0,2025,2025-02-15,1.3336431402376494
Andhra Pradesh,Others,MAR,0,2025,2025-03-15,0.0264434671272115
Andhra Pradesh,Others,APR,0,2025,2025-04-15,0.014466826518243618
Andhra Pradesh,Others,MAY,0,2025,2025-05-15,2.102111775584823
Andhra Pradesh,Others,JUN,0,2025,2025-06-15,0.010122701222826769
Andhra Pradesh,Others,JUL,0,2025,2025-07-15,1.9114073347513094
Andhra Pradesh,Others,AUG,1,2025,2025-08-15,3.9998703132376376
Andhra Pradesh,3-Wheelers,JAN,0,2025,2025-01-15,0.0
Andhra Pradesh,3-Wheelers,FEB,1,2025,2025-02-15,1.290376630498393
Andhra Pradesh,3-Wheelers,MAR,0,2025,2025-03-15,6.73122332261765
Andhra Pradesh,3-Wheelers,APR,0,2025,2025-04-15,1.255703602259908
Andhra Pradesh,3-Wheelers,MAY,0,2025,2025-05-15,1.2846335116054985
Andhra Pradesh,3-Wheelers,JUN,0,2025,2025-06-15,4.164551547668198
Andhra Pradesh,3-Wheelers,JUL,0,2025,2025-07-15,1.285640103895228
Andhra Pradesh,3-Wheelers,AUG,0,2025,2025-08-15,1.2915895167018263
Andhra Pradesh,3-Wheelers,JAN,4,2025,2025-01-15,7.356597809254572
Andhra Pradesh,3-Wheelers,FEB,16,2025,2025-02-15,1.2595859624579193
Andhra Pradesh,3-Wheelers,MAR,83,2025,2025-03-15,1.2895597349969172
Andhra Pradesh,3-Wheelers,APR,205,2025,2025-04-15,6.935293294776049
Andhra Pradesh,3-Wheelers,MAY,179,2025,2025-05-15,1.2606298256513266
Andhra Pradesh,3-Wheelers,JUN,248,2025,2025-06-15,1.32828433639564
Andhra Pradesh,3-Wheelers,JUL,269,2025,2025-07-15,4.920025529930242
Andhra Pradesh,3-Wheelers,AUG,266,2025,2025-08-15,1.3204107745285913
Arunachal Pradesh,Bus,JAN,0,2025,2025-01-15,1.5386434745198954
Arunachal Pradesh,Bus,FEB,0,2025,2025-02-15,3.0320697499467384
Arunachal Pradesh,Bus,MAR,0,2025,2025-03-15,1.528922624780846
Arunachal Pradesh,Bus,APR,0,2025,2025-04-15,4.85649384811619
Arunachal Pradesh,Bus,MAY,10,2025,2025-05-15,2.055677429972637
Arunachal Pradesh,Bus,JUN,0,2025,2025-06-15,1.5131233395187926
Arunachal Pradesh,Bus,JUL,0,2025,2025-07-15,6.469499103910554
Arunachal Pradesh,Bus,AUG,0,2025,2025-08-15,4.510179562634618
Arunachal Pradesh,4-Wheelers,JAN,15,2025,2025-01-15,9.727795883800011
Arunachal Pradesh,4-Wheelers,FEB,12,2025,2025-02-15,6.362875140094896
Arunachal Pradesh,4-Wheelers,MAR,13,2025,2025-03-15,6.303420280607573
Arunachal Pradesh,4-Wheelers,APR,13,2025,2025-04-15,6.136990533176849
Arunachal Pradesh,4-Wheelers,MAY,13,2025,2025-05-15,6.141383651786028
Arunachal Pradesh,4-Wheelers,JUN,16,2025,2025-06-15,7.545363251268861
Arunachal Pradesh,4-Wheelers,JUL,14,2025,2025-07-15,7.205980369347969
Arunachal Pradesh,4-Wheelers,AUG,14,2025,2025-08-15,7.078461634407828
Arunachal Pradesh,2-Wheelers,JAN,1,2025,2025-01-15,0.00413754600727017
Arunachal Pradesh,2-Wheelers,FEB,3,2025,2025-02-15,0.0
Arunachal Pradesh,2-Wheelers,MAR,1,2025,2025-03-15,0.0
Arunachal Pradesh,2-Wheelers,APR,5,2025,2025-04-15,0.0
Arunachal Pradesh,2-Wheelers,MAY,3,2025,2025-05-15,5.1161671018423585
Arunachal Pradesh,2-Wheelers,JUN,1,2025,2025-06-15,0.0
Arunachal Pradesh,2-Wheelers,JUL,8,2025,2025-07-15,0.0
Arunachal Pradesh,2-Wheelers,AUG,4,2025,2025-08-15,0.0065116041963228675
Assam,Others,JAN,2,2025,2025-01-15,42.19167637614831
Assam,Others,FEB,1,2025,2025-02-15,38.723844005232145
Assam,Others,MAR,1,2025,2025-03-15,91.95379732697933
Assam,Others,APR,2,2025,2025-04-15,77.19046994615773
Assam,Others,MAY,0,2025,2025-05-15,90.19367743922695
Assam,Others,JUN,0,2025,2025-06-15,84.31819315609255
Assam,Others,JUL,2,2025,2025-07-15,93.83138332315708
Assam,Others,AUG,2,2025,2025-08-15,64.21183458715909
Assam,4-Wheelers,JAN,53,2025,2025-01-15,175.5479338139758
Assam,4-Wheelers,FEB,34,2025,2025-02-15,193.09601248832735
Assam,4-Wheelers,MAR,47,2025,2025-03-15,11.830914000503542
Assam,4-Wheelers,APR,57,2025,2025-04-15,1.3389361574572736
Assam,4-Wheelers,MAY,58,2025,2025-05-15,8.439719132118464
Assam,4-Wheelers,JUN,60,2025,2025-06-15,1.3192918520074857
Assam,4-Wheelers,JUL,82,2025,2025-07-15,26.277893031708874
Assam,4-Wheelers,AUG,44,2025,2025-08-15,1.3454394825325688
Assam,4-Wheelers,JAN,2,2025,2025-01-15,28.176597291161738
Assam,4-Wheelers,FEB,0,2025,2025-02-15,1.305728600881665
Assam,4-Wheelers,MAR,0,2025,2025-03-15,30.095170825691017
Assam,4-Wheelers,APR,0,2025,2025-04-15,1.3113533636914978
Assam,4-Wheelers,MAY,0,2025,2025-05-15,30.876591590285415
Assam,4-Wheelers,JUN,0,2025,2025-06-15,1.3295073495887983
Assam,4-Wheelers,JUL,0,2025,2025-07-15,38.60314119550947
Assam,4-Wheelers,AUG,0,2025,2025-08-15,1.396074596926323
Assam,3-Wheelers,JAN,716,2025,2025-01-15,28.445405640284537
Assam,3-Wheelers,FEB,777,2025,2025-02-15,1.32899905174268
Assam,2-Wheelers,JAN,146,2025,2025-01-15,2.222796268893184
Assam,2-Wheelers,FEB,132,2025,2025-02-15,1.3291114788476435
Assam,2-Wheelers,MAR,289,2025,2025-03-15,1.3264415449647575
Assam,2-Wheelers,APR,243,2025,2025-04-15,3.1686205776530483
Assam,2-Wheelers,MAY,287,2025,2025-05-15,1.2884761874150106
Assam,2-Wheelers,JUN,266,2025,2025-06-15,1.2953312685221798
Assam,2-Wheelers,JUL,297,2025,2025-07-15,3.159855471608097
Assam,2-Wheelers,AUG,201,2025,2025-08-15,3.1565511182085073
Bihar,Others,JAN,3,2025,2025-01-15,56.895236809913655
Bihar,Others,FEB,1,2025,2025-02-15,0.0
Bihar,Others,MAR,3,2025,2025-03-15,55.41773560544478
Bihar,Others,APR,7,2025,2025-04-15,0.0
Bihar,Others,MAY,3,2025,2025-05-15,47.35918732598351
Bihar,Others,JUN,3,2025,2025-06-15,0.0
Bihar,Others,JUL,4,2025,2025-07-15,68.61092159806131
Bihar,Others,AUG,1,2025,2025-08-15,1.0819871657406503
Bihar,4-Wheelers,JAN,91,2025,2025-01-15,71.45627037609592
Bihar,4-Wheelers,FEB,89,2025,2025-02-15,1.122468842323227
Bihar,4-Wheelers,MAR,72,2025,2025-03-15,54.50454837953327
Bihar,4-Wheelers,APR,110,2025,2025-04-15,0.0
Bihar,4-Wheelers,MAY,115,2025,2025-05-15,83.16535992876274
Bihar,4-Wheelers,JUN,88,2025,2025-06-15,0.0967961616252494
Bihar,4-Wheelers,JUL,134,2025,2025-07-15,45.77644467600413
Bihar,4-Wheelers,AUG,59,2025,2025-08-15,0.9984198093331895
Bihar,4-Wheelers,JAN,0,2025,2025-01-15,1.8065975665455318
Bihar,4-Wheelers,FEB,0,2025,2025-02-15,0.9220480593276236
Bihar,4-Wheelers,MAR,0,2025,2025-03-15,1.9263343090866527
Bihar,4-Wheelers,APR,1,2025,2025-04-15,5.176381648131968
Bihar,4-Wheelers,MAY,1,2025,2025-05-15,1.753305052394419
Bihar,4-Wheelers,JUN,0,2025,2025-06-15,1.8211038087264144
Bihar,4-Wheelers,JUL,0,2025,2025-07-15,2.8480888833204134
Bihar,4-Wheelers,AUG,1,2025,2025-08-15,0.8984409719312482
Chandigarh,4-Wheelers,JAN,0,2025,2025-01-15,22.582508476635276
Chandigarh,4-Wheelers,FEB,1,2025,2025-02-15,32.876634114651964
Chandigarh,4-Wheelers,MAR,0,2025,2025-03-15,49.055804083314015
Chandigarh,4-Wheelers,APR,1,2025,2025-04-15,41.733825545095335
Chandigarh,4-Wheelers,MAY,1,2025,2025-05-15,36.33862046248605
Chandigarh,4-Wheelers,JUN,1,2025,2025-06-15,36.863917027349515
Chandigarh,4-Wheelers,JUL,2,2025,2025-07-15,68.79092799198888
Chandigarh,4-Wheelers,AUG,0,2025,2025-08-15,32.33309501430934
Chandigarh,Others,JAN,0,2025,2025-01-15,20.211578591092874
Chandigarh,Others,FEB,1,2025,2025-02-15,14.550026009973518
Chandigarh,Others,MAR,0,2025,2025-03-15,6.03680090247014
Chandigarh,Others,APR,0,2025,2025-04-15,9.292072422545228
Chandigarh,Others,MAY,0,2025,2025-05-15,18.205163546239937
Chandigarh,Others,JUN,0,2025,2025-06-15,16.00473948917091
Chandigarh,Others,JUL,0,2025,2025-07-15,10.089123369292228
Chandigarh,Others,AUG,1,2025,2025-08-15,15.80842311797663
Chandigarh,4-Wheelers,JAN,201,2025,2025-01-15,0.03705029481115363
Chandigarh,4-Wheelers,FEB,119,2025,2025-02-15,132.0853982931438
Chandigarh,4-Wheelers,MAR,300,2025,2025-03-15,1.4340554368118514
Chandigarh,4-Wheelers,APR,197,2025,2025-04-15,1.4241163975413411
Chandigarh,4-Wheelers,MAY,172,2025,2025-05-15,75.31845254096932
Chandigarh,4-Wheelers,JUN,288,2025,2025-06-15,1.426322734657179
Chandigarh,4-Wheelers,JUL,236,2025,2025-07-15,1.6161195503379746
Chandigarh,4-Wheelers,AUG,129,2025,2025-08-15,191.77116674124642
Chandigarh,4-Wheelers,JAN,3,2025,2025-01-15,2.0645362282447324
Chandigarh,4-Wheelers,FEB,1,2025,2025-02-15,3.239554101036375
Chandigarh,4-Wheelers,MAR,1,2025,2025-03-15,129.37305126971555
Chandigarh,4-Wheelers,APR,1,2025,2025-04-15,3.2160277454190402
Chandigarh,4-Wheelers,MAY,0,2025,2025-05-15,1.9464479965318675
Chandigarh,4-Wheelers,JUN,1,2025,2025-06-15,109.06568161709231
Chandigarh,4-Wheelers,JUL,4,2025,2025-07-15,0.7083408117595789
Chandigarh,4-Wheelers,AUG,0,2025,2025-08-15,3.2019587645287495
Chandigarh,3-Wheelers,JAN,26,2025,2025-01-15,189.21975898969995
Chandigarh,3-Wheelers,FEB,24,2025,2025-02-15,3.2186666968562427
Chandigarh,3-Wheelers,MAR,22,2025,2025-03-15,3.242520356887834
Chandigarh,3-Wheelers,APR,22,2025,2025-04-15,149.34537071523138
Chandigarh,3-Wheelers,MAY,33,2025,2025-05-15,3.218994001270499
Chandigarh,3-Wheelers,JUN,34,2025,2025-06-15,0.6638512049628787
Chandigarh,3-Wheelers,JUL,33,2025,2025-07-15,82.11539807096155
Chandigarh,3-Wheelers,AUG,20,2025,2025-08-15,0.659873833716017
Chandigarh,2-Wheelers,JAN,55,2025,2025-01-15,0.007494320938736555
Chandigarh,2-Wheelers,FEB,81,2025,2025-02-15,1.3511286816295855
Chandigarh,2-Wheelers,MAR,139,2025,2025-03-15,1.295185063020742
Chandigarh,2-Wheelers,APR,118,2025,2025-04-15,1.2907323495450174
Chandigarh,2-Wheelers,MAY,98,2025,2025-05-15,0.0
Chandigarh,2-Wheelers,JUN,96,2025,2025-06-15,1.2977060546394095
Chandigarh,2-Wheelers,JUL,196,2025,2025-07-15,1.2980333590536657
Chandigarh,2-Wheelers,AUG,62,2025,2025-08-15,0.9746077973358594
Chhattisgarh,Others,JAN,4,2025,2025-01-15,43.53839897848308
Chhattisgarh,Others,FEB,5,2025,2025-02-15,41.619329566628004
Chhattisgarh,Others,MAR,5,2025,2025-03-15,65.32422097301668
Chhattisgarh,Others,APR,2,2025,2025-04-15,68.88356217115579
Chhattisgarh,Others,MAY,5,2025,2025-05-15,81.881180746279
Chhattisgarh,Others,JUN,7,2025,2025-06-15,113.06477058449337
Chhattisgarh,Others,JUL,10,2025,2025-07-15,122.74541369531364
Chhattisgarh,Others,AUG,2,2025,2025-08-15,85.70666198866937
Chhattisgarh,4-Wheelers,JAN,276,2025,2025-01-15,71.0901028254539
Chhattisgarh,4-Wheelers,FEB,293,2025,2025-02-15,3.204827338348835
Chhattisgarh,4-Wheelers,MAR,187,2025,2025-03-15,91.52001993864843
Chhattisgarh,4-Wheelers,APR,298,2025,2025-04-15,2.0645362282447324
Chhattisgarh,4-Wheelers,MAY,252,2025,2025-05-15,79.59526269223689
Chhattisgarh,4-Wheelers,JUN,221,2025,2025-06-15,3.2451520357489674
Chhattisgarh,4-Wheelers,JUL,250,2025,2025-07-15,90.77839112826402
Chhattisgarh,4-Wheelers,AUG,64,2025,2025-08-15,3.215777807115319
Chhattisgarh,4-Wheelers,JAN,4,2025,2025-01-15,84.06833543590695
Chhattisgarh,4-Wheelers,FEB,0,2025,2025-02-15,2.0645362282447324
Chhattisgarh,4-Wheelers,MAR,12,2025,2025-03-15,80.28553704486413
Chhattisgarh,4-Wheelers,APR,2,2025,2025-04-15,3.2186666968562427
Chhattisgarh,4-Wheelers,MAY,1,2025,2025-05-15,82.12748392363011
Chhattisgarh,4-Wheelers,JUN,4,2025,2025-06-15,3.218994001270499
Chhattisgarh,4-Wheelers,JUL,4,2025,2025-07-15,41.65243370144545
Chhattisgarh,4-Wheelers,AUG,0,2025,2025-08-15,2.0666668818358165
Chhattisgarh,3-Wheelers,JAN,199,2025,2025-01-15,4.0499640569399205
Chhattisgarh,3-Wheelers,FEB,185,2025,2025-02-15,5.271209926824565
Chhattisgarh,3-Wheelers,MAR,246,2025,2025-03-15,4.876768548456261
Chhattisgarh,3-Wheelers,APR,274,2025,2025-04-15,3.07890146953383
Chhattisgarh,3-Wheelers,MAY,374,2025,2025-05-15,4.77820382950109
Chhattisgarh,3-Wheelers,JUN,467,2025,2025-06-15,5.902140489921296
Chhattisgarh,3-Wheelers,JUL,504,2025,2025-07-15,7.727860587643219
Chhattisgarh,3-Wheelers,AUG,344,2025,2025-08-15,2.973395225962539
Delhi,4-Wheelers,JAN,2,2025,2025-01-15,191.22986951904397
Delhi,4-Wheelers,FEB,0,2025,2025-02-15,1.3216575489268731
Delhi,4-Wheelers,MAR,2,2025,2025-03-15,67.96432740039975
Delhi,4-Wheelers,APR,0,2025,2025-04-15,0.231875857715715
Delhi,4-Wheelers,MAY,0,2025,2025-05-15,63.96322571239377
Delhi,4-Wheelers,JUN,0,2025,2025-06-15,0.9909313374104523
Delhi,4-Wheelers,JUL,0,2025,2025-07-15,24.07883842582831
Delhi,4-Wheelers,AUG,0,2025,2025-08-15,1.3435376131366978
Delhi,Bus,JAN,68,2025,2025-01-15,2.4730529298062778
Delhi,Bus,FEB,57,2025,2025-02-15,1.3144116216839377
Delhi,Bus,MAR,0,2025,2025-03-15,37.524960237972614
Delhi,Bus,APR,228,2025,2025-04-15,0.0
Delhi,Bus,MAY,153,2025,2025-05-15,36.43505915488052
Delhi,Bus,JUN,126,2025,2025-06-15,1.324209891193222
Delhi,Bus,JUL,199,2025,2025-07-15,2.5603671174144114
Delhi,Bus,AUG,163,2025,2025-08-15,1.354282247918145
Delhi,Others,JAN,11,2025,2025-01-15,34.80580294164086
Delhi,Others,FEB,18,2025,2025-02-15,22.034102225481327
Delhi,Others,MAR,15,2025,2025-03-15,35.60752911775195
Delhi,Others,APR,22,2025,2025-04-15,0.0
Delhi,Others,MAY,22,2025,2025-05-15,193.13410805955084
Delhi,Others,JUN,25,2025,2025-06-15,179.58758913138772
Delhi,Others,JUL,39,2025,2025-07-15,88.13578156662543
Delhi,Others,AUG,28,2025,2025-08-15,193.6017535432294
Delhi,4-Wheelers,JAN,128,2025,2025-01-15,177.87426606599266
Delhi,4-Wheelers,FEB,103,2025,2025-02-15,8.981021920127814
Delhi,4-Wheelers,MAR,4,2025,2025-03-15,15.495553503371159
Delhi,4-Wheelers,APR,1,2025,2025-04-15,14.952091179958236
Delhi,4-Wheelers,MAY,65,2025,2025-05-15,19.305921008022587
Delhi,4-Wheelers,JUN,62,2025,2025-06-15,19.71753305153941
Delhi,4-Wheelers,JUL,5,2025,2025-07-15,24.36962155512148
Delhi,4-Wheelers,AUG,60,2025,2025-08-15,35.183010826470216
Delhi,3-Wheelers,JAN,777,2025,2025-01-15,21.863367978476518
Goa,Others,JAN,0,2025,2025-01-15,192.52931001835043
Goa,Others,FEB,1,2025,2025-02-15,108.20912149172156
Goa,Others,MAR,1,2025,2025-03-15,194.32020070662526
Goa,Others,APR,0,2025,2025-04-15,100.30643918620298
Goa,Others,MAY,4,2025,2025-05-15,111.56465017300687
Goa,Others,JUN,0,2025,2025-06-15,167.06975897291534
Goa,Others,JUL,0,2025,2025-07-15,102.5930189780619
Goa,Others,AUG,3,2025,2025-08-15,78.15931985230802
Goa,4-Wheelers,JAN,95,2025,2025-01-15,1.3448915523763425
Goa,4-Wheelers,FEB,95,2025,2025-02-15,3.154131176644023
Goa,4-Wheelers,MAR,146,2025,2025-03-15,1.344881035138433
Goa,4-Wheelers,APR,123,2025,2025-04-15,1.3387806743588362
Goa,4-Wheelers,MAY,107,2025,2025-05-15,1.428207392569363
Goa,4-Wheelers,JUN,123,2025,2025-06-15,2.8550338494185543
Goa,4-Wheelers,JUL,122,2025,2025-07-15,1.3469511331697086
Goa,4-Wheelers,AUG,107,2025,2025-08-15,1.3463279187023138
Goa,4-Wheelers,JAN,4,2025,2025-01-15,36.33304495832258
Goa,4-Wheelers,FEB,0,2025,2025-02-15,2.547526318452573
Goa,4-Wheelers,MAR,12,2025,2025-03-15,51.68764044059092
Goa,4-Wheelers,APR,4,2025,2025-04-15,1.3804365762402069
Goa,4-Wheelers,MAY,2,2025,2025-05-15,73.95978246045676
Goa,4-Wheelers,JUN,3,2025,2025-06-15,2.621855672809013
Goa,4-Wheelers,JUL,1,2025,2025-07-15,74.90318540161162
Goa,4-Wheelers,AUG,1,2025,2025-08-15,2.512830094790838
Goa,Bus,JAN,0,2025,2025-01-15,68.86725229936575
Goa,Bus,FEB,0,2025,2025-02-15,2.543930125728263
Goa,Bus,MAR,0,2025,2025-03-15,73.05206138524726
Goa,Bus,APR,2,2025,2025-04-15,2.5616423184893824
Goa,Bus,MAY,0,2025,2025-05-15,74.62264742319562
Goa,Bus,JUN,0,2025,2025-06-15,2.5436219291730082
Goa,Bus,JUL,0,2025,2025-07-15,69.6154296625637
Goa,Bus,AUG,0,2025,2025-08-15,2.542786326912634
Goa,3-Wheelers,JAN,0,2025,2025-01-15,1.298953564498132
Goa,3-Wheelers,FEB,1,2025,2025-02-15,1.2905018952753815
Goa,3-Wheelers,MAR,0,2025,2025-03-15,1.2887376296930664
Goa,3-Wheelers,APR,0,2025,2025-04-15,2.633946039986005
Goa,3-Wheelers,MAY,1,2025,2025-05-15,1.2792091424412402
Goa,3-Wheelers,JUN,2,2025,2025-06-15,1.2890113054934267
Goa,3-Wheelers,JUL,0,2025,2025-07-15,1.2917133960249128
Goa,3-Wheelers,AUG,0,2025,2025-08-15,1.2908777937645382
Goa,2-Wheelers,JAN,622,2025,2025-01-15,1.3052735275268852
Goa,2-Wheelers,FEB,342,2025,2025-02-15,2.6413056225453078
Goa,2-Wheelers,MAR,610,2025,2025-03-15,1.3899116149814237
Goa,2-Wheelers,APR,317,2025,2025-04-15,1.2884761874150106
Goa,2-Wheelers,MAY,352,2025,2025-05-15,4.418912400558785
Goa,2-Wheelers,JUN,525,2025,2025-06-15,1.2939807746927439
Goa,2-Wheelers,JUL,324,2025,2025-07-15,1.295658572936436
Goa,2-Wheelers,AUG,245,2025,2025-08-15,3.233966944507436
Gujarat,4-Wheelers,JAN,4,2025,2025-01-15,0.0
Gujarat,4-Wheelers,FEB,0,2025,2025-02-15,1.3487229333635415
Gujarat,4-Wheelers,MAR,1,2025,2025-03-15,1.3469586677812264
Gujarat,4-Wheelers,APR,1,2025,2025-04-15,0.0
Gujarat,4-Wheelers,MAY,0,2025,2025-05-15,1.3557297065531533
Gujarat,4-Wheelers,JUN,1,2025,2025-06-15,0.05452578918452615
Gujarat,4-Wheelers,JUL,1,2025,2025-07-15,0.01820523577701614
Gujarat,4-Wheelers,AUG,1,2025,2025-08-15,1.3487027048195435
Gujarat,Others,JAN,0,2025,2025-01-15,5.369684602070171
Gujarat,Others,FEB,0,2025,2025-02-15,2.917792423974017
Gujarat,Others,MAR,0,2025,2025-03-15,27.568309457585006
Gujarat,Others,APR,0,2025,2025-04-15,27.53049261152041
Gujarat,Others,MAY,0,2025,2025-05-15,27.812123963688546
Gujarat,Others,JUN,0,2025,2025-06-15,53.82073507505454
Gujarat,Others,JUL,2,2025,2025-07-15,47.886022299543846
Gujarat,Others,AUG,0,2025,2025-08-15,19.837300057487205
Gujarat,Bus,JAN,0,2025,2025-01-15,2.84577990312009
Gujarat,Bus,FEB,0,2025,2025-02-15,5.095918509330757
Gujarat,Bus,MAR,0,2025,2025-03-15,1.2987894624773475
Gujarat,Bus,APR,0,2025,2025-04-15,191.77116674124642
Gujarat,Bus,MAY,1,2025,2025-05-15,3.2385391494314715
Gujarat,Bus,JUN,0,2025,2025-06-15,2.06495809688225
Gujarat,Bus,JUL,2,2025,2025-07-15,192.13121595045612
Gujarat,Bus,AUG,2,2025,2025-08-15,2.9942466174793263
Gujarat,Others,JAN,4,2025,2025-01-15,1.6981070603165949
Gujarat,Others,FEB,3,2025,2025-02-15,2.7092833885369716
Gujarat,Others,MAR,8,2025,2025-03-15,0.5730533785895033
Gujarat,Others,APR,25,2025,2025-04-15,11.400159984414008
Gujarat,Others,MAY,5,2025,2025-05-15,1.7285410312006724
Gujarat,Others,JUN,9,2025,2025-06-15,1.7798319113181882
Gujarat,Others,JUL,11,2025,2025-07-15,1.790927926766759
Gujarat,Others,AUG,4,2025,2025-08-15,3.342364534252139
Gujarat,4-Wheelers,FEB,959,2025,2025-02-15,2.007567050255018
Gujarat,4-Wheelers,MAR,923,2025,2025-03-15,191.77116674124642
Gujarat,4-Wheelers,AUG,963,2025,2025-08-15,2.0666668818358165
Gujarat,4-Wheelers,JAN,10,2025,2025-01-15,0.0
Gujarat,4-Wheelers,FEB,9,2025,2025-02-15,1.2905018952753815
Gujarat,4-Wheelers,MAR,7,2025,2025-03-15,1.2887376296930664
Gujarat,4-Wheelers,APR,5,2025,2025-04-15,0.0
Gujarat,4-Wheelers,MAY,6,2025,2025-05-15,0.8485638226562222
Gujarat,4-Wheelers,JUN,3,2025,2025-06-15,0.00027711746635298597
Gujarat,4-Wheelers,JUL,7,2025,2025-07-15,1.0193630056410379
Gujarat,4-Wheelers,AUG,1,2025,2025-08-15,2.2974253224548407
Gujarat,3-Wheelers,JAN,7,2025,2025-01-15,0.0
Gujarat,3-Wheelers,FEB,8,2025,2025-02-15,3.2167186233323655
Gujarat,3-Wheelers,MAR,86,2025,2025-03-15,1.296037180959024
Gujarat,3-Wheelers,APR,44,2025,2025-04-15,3.4633982060019943
Gujarat,3-Wheelers,MAY,71,2025,2025-05-15,1.294272915376709
Gujarat,3-Wheelers,JUN,214,2025,2025-06-15,7.004483741159565
Gujarat,3-Wheelers,JUL,130,2025,2025-07-15,0.0
Gujarat,3-Wheelers,AUG,62,2025,2025-08-15,21.364599478765093
Gujarat,2-Wheelers,JAN,0,2025,2025-01-15,0.0
Gujarat,2-Wheelers,FEB,0,2025,2025-02-15,4.879259553721262
Gujarat,2-Wheelers,MAR,0,2025,2025-03-15,0.0
Gujarat,2-Wheelers,APR,0,2025,2025-04-15,8.519346969302779
Gujarat,2-Wheelers,MAY,1,2025,2025-05-15,2.267986301280368
Gujarat,2-Wheelers,JUN,0,2025,2025-06-15,9.931911675311026
Gujarat,2-Wheelers,JUL,0,2025,2025-07-15,1.3017500557348811
Gujarat,2-Wheelers,AUG,0,2025,2025-08-15,5.784403924166324
Haryana,4-Wheelers,JAN,0,2025,2025-01-15,175.51374511804792
Haryana,4-Wheelers,FEB,0,2025,2025-02-15,191.33116841020993
Haryana,4-Wheelers,MAR,0,2025,2025-03-15,194.188584072916
Haryana,4-Wheelers,APR,0,2025,2025-04-15,93.79359863533394
Haryana,4-Wheelers,MAY,0,2025,2025-05-15,68.54345619719537
Haryana,4-Wheelers,JUN,0,2025,2025-06-15,71.58739872205739
Haryana,4-Wheelers,JUL,0,2025,2025-07-15,88.62799199390498
Haryana,4-Wheelers,AUG,1,2025,2025-08-15,127.00784551218254
Haryana,Others,JAN,1,2025,2025-01-15,128.14247718080347
Haryana,Others,FEB,2,2025,2025-02-15,146.16498067822076
Haryana,Others,MAR,0,2025,2025-03-15,80.86810095626313
Haryana,Others,APR,1,2025,2025-04-15,1.3335751952984063
Haryana,Others,MAY,0,2025,2025-05-15,80.53938870702343
Haryana,Others,JUN,6,2025,2025-06-15,0.8253039784727879
Haryana,Others,JUL,0,2025,2025-07-15,193.1016355325622
Haryana,Others,AUG,5,2025,2025-08-15,40.47878147678056
Haryana,Bus,JAN,0,2025,2025-01-15,2.0642862899410113
Haryana,Bus,FEB,1,2025,2025-02-15,193.6017535432294
Haryana,Bus,MAR,0,2025,2025-03-15,42.767617972809376
Haryana,Bus,APR,0,2025,2025-04-15,2.0642862899410113
Haryana,Bus,MAY,0,2025,2025-05-15,66.06923921237842
Haryana,Bus,JUN,0,2025,2025-06-15,2.0645362282447324
Haryana,Bus,JUL,5,2025,2025-07-15,71.24316792186241
Haryana,Bus,AUG,2,2025,2025-08-15,2.0671751796819344
Haryana,Others,JAN,9,2025,2025-01-15,71.38020973491321
Haryana,Others,FEB,8,2025,2025-02-15,2.082529147805376
Haryana,Others,MAR,9,2025,2025-03-15,50.5829626819294
Haryana,Others,APR,11,2025,2025-04-15,2.0816935455450016
Haryana,Others,MAY,43,2025,2025-05-15,178.22021993206144
Haryana,Others,JUN,17,2025,2025-06-15,9.89976943118804
Haryana,Others,JUL,21,2025,2025-07-15,1.298953564498132
Haryana,Others,AUG,37,2025,2025-08-15,1.7039994969247616
Haryana,4-Wheelers,FEB,846,2025,2025-02-15,1.2850123497464008
Haryana,4-Wheelers,MAR,994,2025,2025-03-15,1.2805596362706761
Haryana,4-Wheelers,AUG,637,2025,2025-08-15,1.2829344223879058
Haryana,4-Wheelers,JAN,194,2025,2025-01-15,1.2913860916106563
Haryana,4-Wheelers,FEB,112,2025,2025-02-15,3.5902970513755745
Haryana,4-Wheelers,MAR,138,2025,2025-03-15,1.3547313711587312
Haryana,4-Wheelers,APR,103,2025,2025-04-15,1.3374356777714715
Haryana,4-Wheelers,MAY,111,2025,2025-05-15,7.549610957837655
Haryana,4-Wheelers,JUN,112,2025,2025-06-15,2.191089235805493
Haryana,4-Wheelers,JUL,78,2025,2025-07-15,7.0393026492898585
Haryana,4-Wheelers,AUG,44,2025,2025-08-15,1.3015998322334648
Haryana,3-Wheelers,JAN,383,2025,2025-01-15,7.051112435144801
Haryana,3-Wheelers,FEB,278,2025,2025-02-15,1.3281478846943102
Haryana,3-Wheelers,MAR,301,2025,2025-03-15,8.715394832662946
Haryana,3-Wheelers,APR,353,2025,2025-04-15,1.2950800661491533
Haryana,3-Wheelers,MAY,494,2025,2025-05-15,25.062822618835114
Haryana,3-Wheelers,JUN,503,2025,2025-06-15,7.4771957459723755
Haryana,3-Wheelers,JUL,579,2025,2025-07-15,13.35273519733666
Haryana,3-Wheelers,AUG,457,2025,2025-08-15,1.1211996229368657
Haryana,2-Wheelers,FEB,635,2025,2025-02-15,14.78993403220929
Haryana,2-Wheelers,MAR,785,2025,2025-03-15,6.634640002318201
Haryana,2-Wheelers,AUG,806,2025,2025-08-15,18.812114193308197
Himachal Pradesh,Others,JAN,0,2025,2025-01-15,22.64088757128894
Himachal Pradesh,Others,FEB,0,2025,2025-02-15,21.58428129838315
Himachal Pradesh,Others,MAR,0,2025,2025-03-15,45.67651829713803
Himachal Pradesh,Others,APR,0,2025,2025-04-15,26.18090319953677
Himachal Pradesh,Others,MAY,0,2025,2025-05-15,32.697858391119716
Himachal Pradesh,Others,JUN,3,2025,2025-06-15,37.73173699163499
Himachal Pradesh,Others,JUL,1,2025,2025-07-15,33.650590555698344
Himachal Pradesh,Others,AUG,0,2025,2025-08-15,28.578630246747686
Himachal Pradesh,4-Wheelers,JAN,82,2025,2025-01-15,1.4003783423337972
Himachal Pradesh,4-Wheelers,FEB,77,2025,2025-02-15,2.2615579593727935
Himachal Pradesh,4-Wheelers,MAR,61,2025,2025-03-15,1.343945980484233
Himachal Pradesh,4-Wheelers,APR,73,2025,2025-04-15,0.0
Himachal Pradesh,4-Wheelers,MAY,95,2025,2025-05-15,1.5360877660303194
Himachal Pradesh,4-Wheelers,JUN,102,2025,2025-06-15,1.950129978447063
Himachal Pradesh,4-Wheelers,JUL,83,2025,2025-07-15,1.5838894167627804
Himachal Pradesh,4-Wheelers,AUG,69,2025,2025-08-15,1.3377088529144072
Himachal Pradesh,4-Wheelers,JAN,7,2025,2025-01-15,51.34440454066549
Himachal Pradesh,4-Wheelers,FEB,6,2025,2025-02-15,1.7364510432504012
Himachal Pradesh,4-Wheelers,MAR,7,2025,2025-03-15,46.7797047599371
Himachal Pradesh,4-Wheelers,APR,1,2025,2025-04-15,1.1900806560325643
Himachal Pradesh,4-Wheelers,MAY,0,2025,2025-05-15,35.23902917261533
Himachal Pradesh,4-Wheelers,JUN,2,2025,2025-06-15,1.5588642831820407
Himachal Pradesh,4-Wheelers,JUL,4,2025,2025-07-15,47.38324967633259
Himachal Pradesh,4-Wheelers,AUG,5,2025,2025-08-15,0.9559948978592185
Himachal Pradesh,3-Wheelers,JAN,1,2025,2025-01-15,61.112742022907305
Himachal Pradesh,3-Wheelers,FEB,4,2025,2025-02-15,0.0
Himachal Pradesh,3-Wheelers,MAR,2,2025,2025-03-15,63.47731940160519
Himachal Pradesh,3-Wheelers,APR,0,2025,2025-04-15,1.172703012812866
Himachal Pradesh,3-Wheelers,MAY,3,2025,2025-05-15,54.90636974346795
Himachal Pradesh,3-Wheelers,JUN,5,2025,2025-06-15,1.0298008045242435
Himachal Pradesh,3-Wheelers,JUL,4,2025,2025-07-15,47.0069377177563
Himachal Pradesh,3-Wheelers,AUG,2,2025,2025-08-15,1.2462062963843836
Himachal Pradesh,2-Wheelers,JAN,53,2025,2025-01-15,0.028654569848711096
Himachal Pradesh,2-Wheelers,FEB,55,2025,2025-02-15,0.0
Himachal Pradesh,2-Wheelers,MAR,80,2025,2025-03-15,0.0
Himachal Pradesh,2-Wheelers,APR,50,2025,2025-04-15,0.0
Himachal Pradesh,2-Wheelers,MAY,80,2025,2025-05-15,0.0
Himachal Pradesh,2-Wheelers,JUN,97,2025,2025-06-15,2.235285907224188
Himachal Pradesh,2-Wheelers,JUL,73,2025,2025-07-15,0.9528728985663558
Himachal Pradesh,2-Wheelers,AUG,39,2025,2025-08-15,0.0
Jammu and Kashmir,Others,JAN,0,2025,2025-01-15,33.65818061859522
Jammu and Kashmir,Others,FEB,0,2025,2025-02-15,36.34439697781955
Jammu and Kashmir,Others,MAR,1,2025,2025-03-15,55.19058266734092
Jammu and Kashmir,Others,APR,2,2025,2025-04-15,61.88723905431124
Jammu and Kashmir,Others,MAY,0,2025,2025-05-15,73.35050060517693
Jammu and Kashmir,Others,JUN,0,2025,2025-06-15,83.74232513876879
Jammu and Kashmir,Others,JUL,1,2025,2025-07-15,80.58718003100786
Jammu and Kashmir,Others,AUG,1,2025,2025-08-15,59.72907750650028
Jammu and Kashmir,4-Wheelers,JAN,40,2025,2025-01-15,22.195305633887752
Jammu and Kashmir,4-Wheelers,FEB,35,2025,2025-02-15,25.68198811253759
Jammu and Kashmir,4-Wheelers,MAR,52,2025,2025-03-15,40.02952935553068
Jammu and Kashmir,4-Wheelers,APR,54,2025,2025-04-15,51.980481767165216
Jammu and Kashmir,4-Wheelers,MAY,49,2025,2025-05-15,73.34068208847799
Jammu and Kashmir,4-Wheelers,JUN,31,2025,2025-06-15,76.33431218621679
Jammu and Kashmir,4-Wheelers,JUL,59,2025,2025-07-15,91.64621822766486
Jammu and Kashmir,4-Wheelers,AUG,18,2025,2025-08-15,62.200267958939186
Jammu and Kashmir,4-Wheelers,JAN,0,2025,2025-01-15,19.63953997467086
Jammu and Kashmir,4-Wheelers,FEB,9,2025,2025-02-15,0.002749652378575705
Jammu and Kashmir,4-Wheelers,MAR,1,2025,2025-03-15,19.73321240380428
Jammu and Kashmir,4-Wheelers,APR,2,2025,2025-04-15,2.523479614958369
Jammu and Kashmir,4-Wheelers,MAY,3,2025,2025-05-15,26.944840470954798
Jammu and Kashmir,4-Wheelers,JUN,1,2025,2025-06-15,2.4954498416336475
Jammu and Kashmir,4-Wheelers,JUL,0,2025,2025-07-15,26.08458460075131
Jammu and Kashmir,4-Wheelers,AUG,0,2025,2025-08-15,2.460926907773834
Jammu and Kashmir,3-Wheelers,JAN,79,2025,2025-01-15,16.6253590074639
Jammu and Kashmir,3-Wheelers,FEB,51,2025,2025-02-15,2.460926907773834
Jammu and Kashmir,3-Wheelers,MAR,146,2025,2025-03-15,9.702032132969352
Jammu and Kashmir,3-Wheelers,APR,183,2025,2025-04-15,1.3188993646136775
Jammu and Kashmir,3-Wheelers,MAY,286,2025,2025-05-15,16.50198004484288
Jammu and Kashmir,3-Wheelers,JUN,280,2025,2025-06-15,1.319226669027934
Jammu and Kashmir,3-Wheelers,JUL,367,2025,2025-07-15,4.958275998731368
Jammu and Kashmir,3-Wheelers,AUG,243,2025,2025-08-15,1.3136719722582975
Jammu and Kashmir,2-Wheelers,JAN,108,2025,2025-01-15,0.007494320938736555
Jammu and Kashmir,2-Wheelers,FEB,84,2025,2025-02-15,0.019095711513322337
Jammu and Kashmir,2-Wheelers,MAR,155,2025,2025-03-15,2.477241260170334
Jammu and Kashmir,2-Wheelers,APR,175,2025,2025-04-15,3.4821615435852404
Jammu and Kashmir,2-Wheelers,MAY,219,2025,2025-05-15,1.2884761874150106
Jammu and Kashmir,2-Wheelers,JUN,287,2025,2025-06-15,1.2953312685221798
Jammu and Kashmir,2-Wheelers,JUL,280,2025,2025-07-15,1.3424960970118593
Jammu and Kashmir,2-Wheelers,AUG,167,2025,2025-08-15,1.3322031275186528
Jharkhand,Others,JAN,0,2025,2025-01-15,192.39769338464117
Jharkhand,Others,FEB,0,2025,2025-02-15,179.11021186980733
Jharkhand,Others,MAR,1,2025,2025-03-15,194.188584072916
Jharkhand,Others,APR,0,2025,2025-04-15,192.5187953273605
Jharkhand,Others,MAY,2,2025,2025-05-15,194.31997677241762
Jharkhand,Others,JUN,1,2025,2025-06-15,191.12412335195037
Jharkhand,Others,JUL,2,2025,2025-07-15,192.5187953273605
Jharkhand,Others,AUG,1,2025,2025-08-15,39.906297071114736
Jharkhand,4-Wheelers,JAN,75,2025,2025-01-15,38.235356826976265
Jharkhand,4-Wheelers,FEB,59,2025,2025-02-15,66.76221106936774
Jharkhand,4-Wheelers,MAR,81,2025,2025-03-15,77.00834737448967
Jharkhand,4-Wheelers,APR,101,2025,2025-04-15,80.17672883281499
Jharkhand,4-Wheelers,MAY,108,2025,2025-05-15,127.97948563130957
Jharkhand,4-Wheelers,JUN,85,2025,2025-06-15,84.94004152488357
Jharkhand,4-Wheelers,JUL,97,2025,2025-07-15,79.98870706761062
Jharkhand,4-Wheelers,AUG,63,2025,2025-08-15,17.17269490391204
Jharkhand,4-Wheelers,JAN,7,2025,2025-01-15,2.547526318452573
Jharkhand,4-Wheelers,FEB,3,2025,2025-02-15,16.321087619248566
Jharkhand,4-Wheelers,MAR,0,2025,2025-03-15,2.4514653607639305
Jharkhand,4-Wheelers,APR,4,2025,2025-04-15,18.78145394197647
Jharkhand,4-Wheelers,MAY,4,2025,2025-05-15,1.4059179191704
Jharkhand,4-Wheelers,JUN,4,2025,2025-06-15,36.59264724432867
Jharkhand,4-Wheelers,JUL,2,2025,2025-07-15,2.544835794028834
Jharkhand,4-Wheelers,AUG,1,2025,2025-08-15,22.598476382100497
Jharkhand,3-Wheelers,JAN,191,2025,2025-01-15,2.5156472141923527
Jharkhand,3-Wheelers,FEB,183,2025,2025-02-15,45.842858049980514
Jharkhand,3-Wheelers,MAR,273,2025,2025-03-15,2.5432946247587522
Jharkhand,3-Wheelers,APR,323,2025,2025-04-15,19.77339058655108
Jharkhand,3-Wheelers,MAY,426,2025,2025-05-15,1.3801384921299253
Jharkhand,3-Wheelers,JUN,499,2025,2025-06-15,13.278239704623306
Jharkhand,3-Wheelers,JUL,628,2025,2025-07-15,1.3892381076748306
Jharkhand,3-Wheelers,AUG,407,2025,2025-08-15,1.3052735275268852
Jharkhand,2-Wheelers,JAN,675,2025,2025-01-15,1.3006746085497227
Jharkhand,2-Wheelers,FEB,570,2025,2025-02-15,1.5891016593862226
Jharkhand,2-Wheelers,MAR,892,2025,2025-03-15,1.2893818557155814
Jharkhand,2-Wheelers,APR,625,2025,2025-04-15,2.4908565431762355
Jharkhand,2-Wheelers,MAY,876,2025,2025-05-15,1.3324615656857537
Jharkhand,2-Wheelers,JUL,905,2025,2025-07-15,2.3019175878624822
Jharkhand,2-Wheelers,AUG,685,2025,2025-08-15,1.3249788184696587
Karnataka,4-Wheelers,JAN,1,2025,2025-01-15,1.3571746025862923
Karnataka,4-Wheelers,FEB,2,2025,2025-02-15,146.03242521434183
Karnataka,4-Wheelers,MAR,0,2025,2025-03-15,3.339748321255235
Karnataka,4-Wheelers,APR,0,2025,2025-04-15,56.59992137482528
Karnataka,4-Wheelers,MAY,2,2025,2025-05-15,2.0606162149605574
Karnataka,4-Wheelers,JUN,0,2025,2025-06-15,152.7399211307253
Karnataka,4-Wheelers,JUL,3,2025,2025-07-15,2.0103111488202967
Karnataka,4-Wheelers,AUG,0,2025,2025-08-15,2.2438227637222194
Karnataka,Others,JAN,3,2025,2025-01-15,3.3404201281964734
Karnataka,Others,FEB,0,2025,2025-02-15,174.43969275592022
Karnataka,Others,MAR,4,2025,2025-03-15,2.06308036430796
Karnataka,Others,APR,0,2025,2025-04-15,193.07060724055287
Karnataka,Others,MAY,11,2025,2025-05-15,3.3425397750168937
Karnataka,Others,JUN,0,2025,2025-06-15,34.721882789477036
Karnataka,Others,JUL,0,2025,2025-07-15,2.0748036874644074
Karnataka,Others,AUG,12,2025,2025-08-15,96.2153655259515
Karnataka,Bus,JAN,119,2025,2025-01-15,1.3448915523763425
Karnataka,Bus,FEB,72,2025,2025-02-15,63.44837130906777
Karnataka,Bus,MAR,113,2025,2025-03-15,2.0606162149605574
Karnataka,Bus,APR,6,2025,2025-04-15,55.63399404187315
Karnataka,Bus,MAY,1,2025,2025-05-15,2.0606162149605574
Karnataka,Bus,JUN,0,2025,2025-06-15,50.67999030721499
Karnataka,Bus,JUL,1,2025,2025-07-15,2.0195428268141313
Karnataka,Bus,AUG,4,2025,2025-08-15,100.47159084092175
Karnataka,Others,JAN,13,2025,2025-01-15,2.0606162149605574
Karnataka,Others,FEB,9,2025,2025-02-15,147.63147235894212
Karnataka,Others,MAR,16,2025,2025-03-15,2.06308036430796
Karnataka,Others,APR,13,2025,2025-04-15,190.1086622045372
Karnataka,Others,MAY,34,2025,2025-05-15,3.3425397750168937
Karnataka,Others,JUN,30,2025,2025-06-15,156.37011424933303
Karnataka,Others,JUL,72,2025,2025-07-15,2.0625206372544573
Karnataka,Others,AUG,31,2025,2025-08-15,134.7517621115368
Karnataka,4-Wheelers,JAN,307,2025,2025-01-15,1.3335751952984063
Karnataka,4-Wheelers,FEB,178,2025,2025-02-15,184.48767340912048
Karnataka,4-Wheelers,MAR,174,2025,2025-03-15,3.2160277454190402
Karnataka,4-Wheelers,APR,116,2025,2025-04-15,113.99897988530536
Karnataka,4-Wheelers,MAY,89,2025,2025-05-15,2.0645362282447324
Karnataka,4-Wheelers,JUN,117,2025,2025-06-15,79.44414893090477
Karnataka,4-Wheelers,JUL,82,2025,2025-07-15,0.7066650226198468
Karnataka,4-Wheelers,AUG,112,2025,2025-08-15,73.16474636304218
Karnataka,Bus,JAN,0,2025,2025-01-15,3.2206462494978743
Karnataka,Bus,FEB,0,2025,2025-02-15,56.356005596207616
Karnataka,Bus,MAR,0,2025,2025-03-15,2.087647617183532
Karnataka,Bus,APR,2,2025,2025-04-15,70.20006504314406
Karnataka,Bus,MAY,0,2025,2025-05-15,3.2403721070726674
Karnataka,Bus,JUN,0,2025,2025-06-15,54.58083916964134
Karnataka,Bus,JUL,0,2025,2025-07-15,2.087139319337414
Karnataka,Bus,AUG,0,2025,2025-08-15,71.54723705388535
Karnataka,3-Wheelers,JAN,0,2025,2025-01-15,66.26045267431144
Karnataka,3-Wheelers,FEB,0,2025,2025-02-15,1.2856253450291557
Karnataka,3-Wheelers,MAR,1,2025,2025-03-15,77.12768634020968
Karnataka,3-Wheelers,APR,2,2025,2025-04-15,1.311491449682559
Karnataka,3-Wheelers,MAY,1,2025,2025-05-15,80.0511267520819
Karnataka,3-Wheelers,JUN,1,2025,2025-06-15,1.3312931285374319
Karnataka,3-Wheelers,JUL,3,2025,2025-07-15,1.6723462806241842
Karnataka,3-Wheelers,AUG,1,2025,2025-08-15,0.7665677686044502
Karnataka,3-Wheelers,JAN,232,2025,2025-01-15,1.2339547001072155
Karnataka,3-Wheelers,FEB,218,2025,2025-02-15,1.233624935060193
Karnataka,3-Wheelers,MAR,179,2025,2025-03-15,1.2636411927012536
Karnataka,3-Wheelers,APR,409,2025,2025-04-15,1.2537169337482872
Karnataka,3-Wheelers,MAY,596,2025,2025-05-15,1.2443419214879936
Karnataka,3-Wheelers,JUN,750,2025,2025-06-15,1.2879881160782471
Karnataka,3-Wheelers,JUL,627,2025,2025-07-15,2.235436730197696
Karnataka,3-Wheelers,AUG,521,2025,2025-08-15,1.2871525138178725
Karnataka,2-Wheelers,JAN,0,2025,2025-01-15,3.6994149502421787
Karnataka,2-Wheelers,FEB,3,2025,2025-02-15,10.325802566185589
Karnataka,2-Wheelers,MAR,1,2025,2025-03-15,1.2607090577851041
Karnataka,2-Wheelers,APR,3,2025,2025-04-15,7.482141309148541
Karnataka,2-Wheelers,MAY,2,2025,2025-05-15,4.905630301003115
Karnataka,2-Wheelers,JUN,0,2025,2025-06-15,11.392603474343606
Karnataka,2-Wheelers,JUL,5,2025,2025-07-15,0.0
Karnataka,2-Wheelers,AUG,0,2025,2025-08-15,10.251791860878802
Karnataka,2-Wheelers,JAN,442,2025,2025-01-15,9.728918500240797
Karnataka,2-Wheelers,FEB,148,2025,2025-02-15,18.779309875788016
Karnataka,2-Wheelers,MAR,483,2025,2025-03-15,1.1508708196490443
Karnataka,2-Wheelers,APR,10,2025,2025-04-15,16.92255154218358
Karnataka,2-Wheelers,MAY,551,2025,2025-05-15,1.1719122773884023
Karnataka,2-Wheelers,JUN,711,2025,2025-06-15,50.0665217434731
Karnataka,2-Wheelers,JUL,75,2025,2025-07-15,12.413651895776594
Karnataka,2-Wheelers,AUG,304,2025,2025-08-15,23.555238566799925
Kerala,4-Wheelers,JAN,1,2025,2025-01-15,1.4896964092019416
Kerala,4-Wheelers,FEB,1,2025,2025-02-15,0.0
Kerala,4-Wheelers,MAR,0,2025,2025-03-15,0.0
Kerala,4-Wheelers,APR,1,2025,2025-04-15,0.0
Kerala,4-Wheelers,MAY,2,2025,2025-05-15,2.656765212260787
Kerala,4-Wheelers,JUN,0,2025,2025-06-15,0.0
Kerala,4-Wheelers,JUL,1,2025,2025-07-15,1.370290915492929
Kerala,4-Wheelers,AUG,0,2025,2025-08-15,0.051415475308453994
Kerala,Bus,JAN,4,2025,2025-01-15,1.3364685720427623
Kerala,Bus,FEB,0,2025,2025-02-15,1.338843358159992
Kerala,Bus,MAR,0,2025,2025-03-15,0.06462879887693278
Kerala,Bus,APR,0,2025,2025-04-15,0.06767714098457832
Kerala,Bus,MAY,0,2025,2025-05-15,1.3499344341130728
Kerala,Bus,JUN,0,2025,2025-06-15,1.3499344341130728
Kerala,Bus,JUL,0,2025,2025-07-15,1.3487027048195435
Kerala,Bus,AUG,5,2025,2025-08-15,3.556877786300733
Kerala,Others,JAN,9,2025,2025-01-15,0.0
Kerala,Others,FEB,13,2025,2025-02-15,16.280744122919284
Kerala,Others,MAR,20,2025,2025-03-15,0.0
Kerala,Others,APR,19,2025,2025-04-15,25.44175824180333
Kerala,Others,MAY,28,2025,2025-05-15,1.1743063961608815
Kerala,Others,JUN,18,2025,2025-06-15,47.86868173950363
Kerala,Others,JUL,36,2025,2025-07-15,1.8920576969955392
Kerala,Others,AUG,39,2025,2025-08-15,76.26481910410837
Kerala,4-Wheelers,AUG,831,2025,2025-08-15,3.3487435732468045
Kerala,4-Wheelers,JAN,7,2025,2025-01-15,107.58968754541834
Kerala,4-Wheelers,FEB,12,2025,2025-02-15,2.043389847739397
Kerala,4-Wheelers,MAR,19,2025,2025-03-15,102.4880283993473
Kerala,4-Wheelers,APR,14,2025,2025-04-15,3.314503838490495
Kerala,4-Wheelers,MAY,44,2025,2025-05-15,116.77240067796697
Kerala,4-Wheelers,JUN,5,2025,2025-06-15,3.321763327521872
Kerala,4-Wheelers,JUL,14,2025,2025-07-15,78.30509123518941
Kerala,4-Wheelers,AUG,4,2025,2025-08-15,1.2958248280447586
Kerala,3-Wheelers,JAN,0,2025,2025-01-15,4.497237539022426
Kerala,3-Wheelers,FEB,0,2025,2025-02-15,1.1492523979887699
Kerala,3-Wheelers,MAR,2,2025,2025-03-15,4.288830628847978
Kerala,3-Wheelers,APR,8,2025,2025-04-15,0.0
Kerala,3-Wheelers,MAY,7,2025,2025-05-15,6.129337584853274
Kerala,3-Wheelers,JUN,3,2025,2025-06-15,1.0996991750687288
Kerala,3-Wheelers,JUL,4,2025,2025-07-15,5.366034625796495
Kerala,3-Wheelers,AUG,3,2025,2025-08-15,2.392509851532169
Kerala,3-Wheelers,JAN,18,2025,2025-01-15,17.49928723825525
Kerala,3-Wheelers,FEB,28,2025,2025-02-15,0.0
Kerala,3-Wheelers,MAR,155,2025,2025-03-15,1.0675820814258938
Kerala,3-Wheelers,APR,305,2025,2025-04-15,2.358961070701785
Kerala,3-Wheelers,MAY,432,2025,2025-05-15,3.6057975397945796
Kerala,3-Wheelers,JUN,418,2025,2025-06-15,1.2117707466909968
Kerala,3-Wheelers,JUL,469,2025,2025-07-15,191.7631230159404
Kerala,3-Wheelers,AUG,310,2025,2025-08-15,3.2181583990101243
Kerala,2-Wheelers,JAN,1,2025,2025-01-15,2.03537077404487
Kerala,2-Wheelers,FEB,0,2025,2025-02-15,0.0
Kerala,2-Wheelers,MAR,6,2025,2025-03-15,0.0
Kerala,2-Wheelers,APR,1,2025,2025-04-15,0.0
Kerala,2-Wheelers,MAY,0,2025,2025-05-15,1.2820222747438725
Kerala,2-Wheelers,JUN,0,2025,2025-06-15,0.0
Kerala,2-Wheelers,JUL,0,2025,2025-07-15,1.2917133960249128
Kerala,2-Wheelers,AUG,0,2025,2025-08-15,3.635609888802045
Kerala,2-Wheelers,JAN,0,2025,2025-01-15,7.717794182820842
Kerala,2-Wheelers,FEB,0,2025,2025-02-15,9.544705716228185
Kerala,2-Wheelers,MAR,0,2025,2025-03-15,17.40754242812533
Kerala,2-Wheelers,APR,0,2025,2025-04-15,17.12912528560355
Kerala,2-Wheelers,MAY,0,2025,2025-05-15,23.19301147027529
Kerala,2-Wheelers,JUN,0,2025,2025-06-15,17.313271627735105
Kerala,2-Wheelers,JUL,0,2025,2025-07-15,32.89182339206383
Kerala,2-Wheelers,AUG,10,2025,2025-08-15,21.29221580993819
Ladakh,4-Wheelers,JAN,0,2025,2025-01-15,0.0
Ladakh,4-Wheelers,FEB,0,2025,2025-02-15,0.0
Ladakh,4-Wheelers,MAR,1,2025,2025-03-15,1.7266485556335525
Ladakh,4-Wheelers,APR,0,2025,2025-04-15,0.0
Ladakh,4-Wheelers,MAY,0,2025,2025-05-15,0.0
Ladakh,4-Wheelers,JUN,0,2025,2025-06-15,0.0
Ladakh,4-Wheelers,JUL,0,2025,2025-07-15,0.0
Ladakh,4-Wheelers,AUG,0,2025,2025-08-15,0.000347772909950023
Lakshadweep,2-Wheelers,JAN,1,2025,2025-01-15,2.4227991847042456
Lakshadweep,2-Wheelers,FEB,0,2025,2025-02-15,0.005382274676082359
Lakshadweep,2-Wheelers,MAR,0,2025,2025-03-15,0.004238162428175227
Lakshadweep,2-Wheelers,APR,2,2025,2025-04-15,3.7411861174335197
Lakshadweep,2-Wheelers,MAY,2,2025,2025-05-15,3.686658282796667
Lakshadweep,2-Wheelers,JUN,1,2025,2025-06-15,2.0193017952709353
Lakshadweep,2-Wheelers,JUL,0,2025,2025-07-15,0.0060207135519699225
Lakshadweep,2-Wheelers,AUG,0,2025,2025-08-15,0.010515847778507038
UT of DNH and DD,Others,JAN,0,2025,2025-01-15,7.862052576838251
UT of DNH and DD,Others,FEB,0,2025,2025-02-15,6.689634336314646
UT of DNH and DD,Others,MAR,1,2025,2025-03-15,7.639221215831239
UT of DNH and DD,Others,APR,0,2025,2025-04-15,7.312504114681755
UT of DNH and DD,Others,MAY,0,2025,2025-05-15,7.217738903354422
UT of DNH and DD,Others,JUN,0,2025,2025-06-15,6.533737881216399
UT of DNH and DD,Others,JUL,0,2025,2025-07-15,7.401570624732785
UT of DNH and DD,Others,AUG,0,2025,2025-08-15,1.9495663022518261
UT of DNH and DD,4-Wheelers,JAN,50,2025,2025-01-15,32.201942045551114
UT of DNH and DD,4-Wheelers,FEB,23,2025,2025-02-15,1.1466014836377014
UT of DNH and DD,4-Wheelers,MAR,16,2025,2025-03-15,19.742786212627546
UT of DNH and DD,4-Wheelers,APR,29,2025,2025-04-15,0.0
UT of DNH and DD,4-Wheelers,MAY,31,2025,2025-05-15,12.349645309118609
UT of DNH and DD,4-Wheelers,JUN,26,2025,2025-06-15,1.1348598236648377
UT of DNH and DD,4-Wheelers,JUL,30,2025,2025-07-15,15.482315134576378
UT of DNH and DD,4-Wheelers,AUG,22,2025,2025-08-15,9.064569114561841
UT of DNH and DD,4-Wheelers,JAN,2,2025,2025-01-15,26.88829450381695
UT of DNH and DD,4-Wheelers,FEB,0,2025,2025-02-15,0.0
UT of DNH and DD,4-Wheelers,MAR,1,2025,2025-03-15,24.14392060794131
UT of DNH and DD,4-Wheelers,APR,7,2025,2025-04-15,0.0
UT of DNH and DD,4-Wheelers,MAY,0,2025,2025-05-15,26.319872509220897
UT of DNH and DD,4-Wheelers,JUN,0,2025,2025-06-15,0.0
UT of DNH and DD,4-Wheelers,JUL,0,2025,2025-07-15,21.09043123631313
UT of DNH and DD,4-Wheelers,AUG,0,2025,2025-08-15,0.0
UT of DNH and DD,2-Wheelers,JAN,10,2025,2025-01-15,0.011854846605845232
UT of DNH and DD,2-Wheelers,FEB,8,2025,2025-02-15,0.0
UT of DNH and DD,2-Wheelers,MAR,16,2025,2025-03-15,1.1718590875980688
UT of DNH and DD,2-Wheelers,APR,13,2025,2025-04-15,0.0
UT of DNH and DD,2-Wheelers,MAY,10,2025,2025-05-15,0.0
UT of DNH and DD,2-Wheelers,JUN,7,2025,2025-06-15,0.0024674382256831234
UT of DNH and DD,2-Wheelers,JUL,13,2025,2025-07-15,0.003061095485764255
UT of DNH and DD,2-Wheelers,AUG,3,2025,2025-08-15,0.004925379714090812
