date,state,vehicle_category,actual,predicted,error
2023-01-01,Kerala,3-Wheelers,211.0,20.00223665570536,190.99776334429464
2023-01-01,Kerala,4-Wheelers,344.0,207.83226172348748,136.16773827651252
2023-01-01,Kerala,Bus,0.0,0.0,0.0
2023-01-01,Maharashtra,2-Wheelers,13802.0,11374.105543940033,2427.8944560599666
2023-01-01,Maharashtra,3-Wheelers,817.0,1705.2521099890207,888.2521099890207
2023-01-01,Maharashtra,4-Wheelers,827.0,1677.378980756143,850.3789807561429
2023-01-01,Maharashtra,Bus,0.0,0.0,0.0
2023-01-01,Rajasthan,2-Wheelers,4624.0,6638.262726983608,2014.2627269836084
2023-01-01,Uttar Pradesh,Bus,15.0,0.0,15.0
2023-01-01,Rajasthan,4-Wheelers,155.0,0.0,155.0
2023-01-01,Tamil Nadu,2-Wheelers,5505.0,6148.700003247658,643.7000032476581
2023-01-01,Tamil Nadu,4-Wheelers,202.0,0.0,202.0
2023-01-01,Uttar Pradesh,2-Wheelers,1952.0,2261.629179073845,309.6291790738451
2023-01-01,Uttar Pradesh,3-Wheelers,14804.0,15103.25139378478,299.2513937847798
2023-01-01,Uttar Pradesh,4-Wheelers,26.0,0.0,26.0
2023-01-01,Kerala,2-Wheelers,4667.0,3497.9528112607495,1169.0471887392505
2023-01-01,Rajasthan,3-Wheelers,1635.0,2065.0595837032315,430.0595837032315
2023-01-01,Karnataka,Bus,36.0,0.0,36.0
2023-01-01,Tamil Nadu,3-Wheelers,105.0,246.3378570439404,141.3378570439404
2023-01-01,Karnataka,3-Wheelers,423.0,398.6362544593456,24.363745540654406
2023-01-01,Karnataka,4-Wheelers,587.0,493.5903477498842,93.40965225011581
2023-01-01,Assam,2-Wheelers,142.0,313.6904293582751,171.69042935827508
2023-01-01,Assam,3-Wheelers,3345.0,3155.198633593457,189.8013664065429
2023-01-01,Assam,4-Wheelers,5.0,7.066609899109949,2.066609899109949
2023-01-01,Assam,Bus,0.0,0.0,0.0
2023-01-01,Bihar,3-Wheelers,4016.0,3845.99885548377,170.00114451622994
2023-01-01,Bihar,4-Wheelers,19.0,132.8698192652514,113.86981926525141
2023-01-01,Delhi,2-Wheelers,3285.0,3060.6722368495734,224.32776315042656
2023-01-01,Bihar,2-Wheelers,987.0,1223.4595466046285,236.45954660462849
2023-01-01,Delhi,4-Wheelers,331.0,400.9497187018837,69.94971870188368
2023-01-01,Delhi,Bus,5.0,21.009329604064988,16.009329604064988
2023-01-01,Gujarat,2-Wheelers,5873.0,5162.876060628361,710.1239393716387
2023-01-01,Gujarat,3-Wheelers,271.0,570.0777072750888,299.07770727508876
2023-01-01,Gujarat,4-Wheelers,212.0,497.87155882017987,285.87155882017987
2023-01-01,Gujarat,Bus,30.0,137.3372570873105,107.33725708731049
2023-01-01,Karnataka,2-Wheelers,9969.0,8396.035780050932,1572.9642199490681
2023-01-01,Delhi,3-Wheelers,1950.0,2671.24468453758,721.2446845375798
2023-02-01,Maharashtra,Bus,26.0,6.493122188528332,19.506877811471668
2023-02-01,Kerala,3-Wheelers,246.0,215.14383677477747,30.85616322522253
2023-02-01,Kerala,4-Wheelers,662.0,519.3955354327326,142.60446456726743
2023-02-01,Kerala,Bus,10.0,0.0,10.0
2023-02-01,Maharashtra,2-Wheelers,12070.0,11625.172744718357,444.8272552816434
2023-02-01,Maharashtra,3-Wheelers,706.0,854.850863136599,148.85086313659895
2023-02-01,Maharashtra,4-Wheelers,1012.0,1255.7363570657308,243.73635706573077
2023-02-01,Rajasthan,2-Wheelers,4662.0,5652.06410509411,990.0641050941103
2023-02-01,Uttar Pradesh,Bus,34.0,80.53940437297115,46.53940437297115
2023-02-01,Rajasthan,4-Wheelers,293.0,19.53054492034323,273.46945507965677
2023-02-01,Tamil Nadu,2-Wheelers,6701.0,6121.936943427305,579.0630565726951
2023-02-01,Tamil Nadu,4-Wheelers,307.0,254.2181167644502,52.7818832355498
2023-02-01,Uttar Pradesh,2-Wheelers,1968.0,2575.0341344926173,607.0341344926173
2023-02-01,Uttar Pradesh,3-Wheelers,14434.0,13821.458059842329,612.541940157671
2023-02-01,Uttar Pradesh,4-Wheelers,60.0,212.67321055567209,152.67321055567209
2023-02-01,Kerala,2-Wheelers,5558.0,4581.370685997256,976.6293140027437
2023-02-01,Rajasthan,3-Wheelers,1829.0,2416.8945366636617,587.8945366636617
2023-02-01,Karnataka,Bus,19.0,0.0,19.0
2023-02-01,Tamil Nadu,3-Wheelers,174.0,252.79941233398586,78.79941233398586
2023-02-01,Karnataka,3-Wheelers,348.0,427.0157330567391,79.01573305673912
2023-02-01,Karnataka,4-Wheelers,616.0,546.8537878502448,69.14621214975523
2023-02-01,Assam,2-Wheelers,190.0,382.0692465320426,192.0692465320426
2023-02-01,Assam,3-Wheelers,4010.0,3967.7167902731653,42.283209726834684
2023-02-01,Assam,4-Wheelers,13.0,0.0,13.0
2023-02-01,Assam,Bus,0.0,0.0,0.0
2023-02-01,Bihar,3-Wheelers,4907.0,4951.033197014082,44.03319701408236
2023-02-01,Bihar,4-Wheelers,46.0,24.70538862921353,21.29461137078647
2023-02-01,Delhi,2-Wheelers,2800.0,3200.0962581987783,400.0962581987783
2023-02-01,Bihar,2-Wheelers,911.0,1082.3314673815694,171.33146738156938
2023-02-01,Delhi,4-Wheelers,510.0,430.67717589772974,79.32282410227026
2023-02-01,Delhi,Bus,0.0,0.0,0.0
2023-02-01,Gujarat,2-Wheelers,6757.0,6221.916198301678,535.0838016983216
2023-02-01,Gujarat,3-Wheelers,128.0,275.80843424764817,147.80843424764817
2023-02-01,Gujarat,4-Wheelers,271.0,399.5213870275421,128.52138702754212
2023-02-01,Gujarat,Bus,0.0,82.89283578202208,82.89283578202208
2023-02-01,Karnataka,2-Wheelers,10266.0,8784.696936630775,1481.3030633692251
2023-02-01,Delhi,3-Wheelers,1934.0,2533.2364031996867,599.2364031996867
2023-03-01,Maharashtra,Bus,17.0,92.90236041014191,75.90236041014191
2023-03-01,Kerala,4-Wheelers,1107.0,771.8194135319548,335.18058646804525
2023-03-01,Kerala,Bus,0.0,83.92062388171553,83.92062388171553
2023-03-01,Maharashtra,2-Wheelers,17077.0,15027.96082838108,2049.0391716189206
2023-03-01,Maharashtra,3-Wheelers,1024.0,1405.4162933794287,381.4162933794287
2023-03-01,Maharashtra,4-Wheelers,1389.0,1868.431216494926,479.43121649492605
2023-03-01,Rajasthan,2-Wheelers,6375.0,8588.842801889195,2213.8428018891955
2023-03-01,Uttar Pradesh,Bus,1.0,0.0,1.0
2023-03-01,Rajasthan,4-Wheelers,425.0,0.0,425.0
2023-03-01,Tamil Nadu,2-Wheelers,8388.0,8478.196028016013,90.19602801601286
2023-03-01,Tamil Nadu,3-Wheelers,366.0,208.72136937404412,157.27863062595588
2023-03-01,Tamil Nadu,4-Wheelers,571.0,342.1992847714988,228.8007152285012
2023-03-01,Uttar Pradesh,2-Wheelers,3559.0,3894.983476923123,335.9834769231229
2023-03-01,Uttar Pradesh,3-Wheelers,18215.0,18475.916596712836,260.9165967128356
2023-03-01,Uttar Pradesh,4-Wheelers,431.0,406.15051440323043,24.84948559676957
2023-03-01,Kerala,3-Wheelers,349.0,249.83011988019325,99.16988011980675
2023-03-01,Rajasthan,3-Wheelers,2162.0,2263.1783258766754,101.17832587667544
2023-03-01,Kerala,2-Wheelers,6773.0,5413.651944014764,1359.348055985236
2023-03-01,Gujarat,3-Wheelers,198.0,351.23257804949304,153.23257804949304
2023-03-01,Karnataka,4-Wheelers,1062.0,1024.9872444442665,37.01275555573352
2023-03-01,Assam,2-Wheelers,221.0,514.4907471050874,293.4907471050874
2023-03-01,Assam,3-Wheelers,4861.0,4665.053840800319,195.94615919968055
2023-03-01,Assam,4-Wheelers,20.0,44.451157547602634,24.451157547602634
2023-03-01,Assam,Bus,0.0,0.0,0.0
2023-03-01,Karnataka,Bus,51.0,151.3173951672951,100.3173951672951
2023-03-01,Bihar,3-Wheelers,5153.0,5206.72294376457,53.72294376457012
2023-03-01,Bihar,4-Wheelers,47.0,73.80197919431032,26.80197919431032
2023-03-01,Delhi,2-Wheelers,3782.0,4012.509806549391,230.50980654939121
2023-03-01,Bihar,2-Wheelers,1302.0,1473.074332010678,171.07433201067806
2023-03-01,Delhi,4-Wheelers,1544.0,1157.9004693014217,386.0995306985783
2023-03-01,Delhi,Bus,13.0,26.17523006121246,13.17523006121246
2023-03-01,Gujarat,2-Wheelers,7790.0,7106.2138788491675,683.7861211508325
2023-03-01,Gujarat,4-Wheelers,498.0,677.9137845114316,179.91378451143157
2023-03-01,Gujarat,Bus,0.0,190.42570398864996,190.42570398864996
2023-03-01,Karnataka,2-Wheelers,13056.0,11354.763677649236,1701.2363223507637
2023-03-01,Karnataka,3-Wheelers,718.0,1007.6622646729079,289.6622646729079
2023-03-01,Delhi,3-Wheelers,2609.0,3139.806662105349,530.806662105349
2023-04-01,Kerala,4-Wheelers,637.0,430.7837130292328,206.21628697076721
2023-04-01,Kerala,Bus,0.0,50.38546199910809,50.38546199910809
2023-04-01,Maharashtra,2-Wheelers,12260.0,11967.012214217913,292.9877857820866
2023-04-01,Maharashtra,3-Wheelers,1131.0,1144.2546954565819,13.254695456581885
2023-04-01,Maharashtra,4-Wheelers,1139.0,1364.1621193338783,225.1621193338783
2023-04-01,Maharashtra,Bus,29.0,123.32144765842838,94.32144765842838
2023-04-01,Rajasthan,3-Wheelers,1515.0,1909.7293344877517,394.72933448775166
2023-04-01,Rajasthan,2-Wheelers,3914.0,4899.729903903335,985.7299039033351
2023-04-01,Tamil Nadu,2-Wheelers,6509.0,5768.564349971853,740.4356500281474
2023-04-01,Tamil Nadu,3-Wheelers,489.0,297.12242366124735,191.87757633875265
2023-04-01,Tamil Nadu,4-Wheelers,399.0,262.8100029242719,136.18999707572812
2023-04-01,Uttar Pradesh,2-Wheelers,3087.0,3052.0662649067067,34.93373509329331
2023-04-01,Uttar Pradesh,3-Wheelers,16257.0,15344.845387909954,912.1546120900457
2023-04-01,Uttar Pradesh,4-Wheelers,364.0,473.42526773990653,109.42526773990653
2023-04-01,Uttar Pradesh,Bus,0.0,233.30792856589403,233.30792856589403
2023-04-01,Kerala,3-Wheelers,324.0,365.8777180659877,41.87771806598772
2023-04-01,Rajasthan,4-Wheelers,291.0,134.70288603804352,156.29711396195648
2023-04-01,Kerala,2-Wheelers,4659.0,4952.1785733952875,293.17857339528746
2023-04-01,Karnataka,4-Wheelers,762.0,750.5684780876657,11.431521912334347
2023-04-01,Karnataka,Bus,29.0,69.17934921012125,40.179349210121245
2023-04-01,Assam,2-Wheelers,178.0,425.25051101024695,247.25051101024695
2023-04-01,Assam,3-Wheelers,3804.0,4086.6500908630633,282.65009086306327
2023-04-01,Assam,4-Wheelers,20.0,0.0,20.0
2023-04-01,Assam,Bus,0.0,0.0,0.0
2023-04-01,Bihar,2-Wheelers,971.0,1252.7554742307734,281.7554742307734
2023-04-01,Bihar,4-Wheelers,40.0,0.0,40.0
2023-04-01,Delhi,2-Wheelers,2738.0,3224.116249803818,486.11624980381794
2023-04-01,Delhi,3-Wheelers,1832.0,2007.035800365802,175.03580036580206
2023-04-01,Bihar,3-Wheelers,4216.0,4396.843883538393,180.84388353839313
2023-04-01,Delhi,Bus,10.0,0.0,10.0
2023-04-01,Gujarat,2-Wheelers,8266.0,7188.320095092831,1077.6799049071687
2023-04-01,Gujarat,3-Wheelers,264.0,337.46648541568675,73.46648541568675
2023-04-01,Gujarat,4-Wheelers,537.0,552.2007700418462,15.200770041846226
2023-04-01,Gujarat,Bus,16.0,124.92283689893884,108.92283689893884
2023-04-01,Karnataka,2-Wheelers,9711.0,9310.794477961495,400.20552203850457
2023-04-01,Karnataka,3-Wheelers,436.0,584.508984978049,148.50898497804906
2023-04-01,Delhi,4-Wheelers,551.0,514.4783833959513,36.521616604048745
2023-05-01,Rajasthan,2-Wheelers,6897.0,6655.808379201981,241.19162079801936
2023-05-01,Kerala,4-Wheelers,954.0,770.0017357792385,183.99826422076148
2023-05-01,Kerala,Bus,0.0,24.27558874165925,24.27558874165925
2023-05-01,Maharashtra,2-Wheelers,20585.0,17080.468261393435,3504.5317386065653
2023-05-01,Maharashtra,3-Wheelers,891.0,956.0155110278656,65.01551102786561
2023-05-01,Maharashtra,4-Wheelers,1137.0,1726.7427199871274,589.7427199871274
2023-05-01,Maharashtra,Bus,105.0,73.6445099301659,31.355490069834104
2023-05-01,Rajasthan,3-Wheelers,2364.0,3850.062895653669,1486.0628956536689
2023-05-01,Karnataka,Bus,9.0,0.0,9.0
2023-05-01,Tamil Nadu,2-Wheelers,10330.0,14802.566259153273,4472.566259153273
2023-05-01,Tamil Nadu,3-Wheelers,573.0,0.0,573.0
2023-05-01,Tamil Nadu,4-Wheelers,529.0,18.618197714827943,510.38180228517206
2023-05-01,Uttar Pradesh,2-Wheelers,4704.0,4481.609702190923,222.3902978090773
2023-05-01,Uttar Pradesh,3-Wheelers,17020.0,17388.687369143863,368.6873691438632
2023-05-01,Uttar Pradesh,4-Wheelers,472.0,263.55806016897407,208.44193983102593
2023-05-01,Uttar Pradesh,Bus,0.0,0.0,0.0
2023-05-01,Kerala,3-Wheelers,296.0,77.06319229862709,218.9368077013729
2023-05-01,Rajasthan,4-Wheelers,419.0,80.46329842965577,338.53670157034423
2023-05-01,Kerala,2-Wheelers,7386.0,6757.838675942759,628.1613240572406
2023-05-01,Gujarat,4-Wheelers,710.0,622.1825423637745,87.81745763622553
2023-05-01,Karnataka,4-Wheelers,999.0,955.297719899284,43.70228010071605
2023-05-01,Assam,2-Wheelers,282.0,484.76469202834267,202.76469202834267
2023-05-01,Assam,3-Wheelers,5501.0,5148.376377823071,352.6236221769286
2023-05-01,Assam,4-Wheelers,30.0,26.636648615844933,3.3633513841550666
2023-05-01,Assam,Bus,0.0,0.0,0.0
2023-05-01,Bihar,2-Wheelers,1536.0,1718.1997217175522,182.19972171755217
2023-05-01,Bihar,4-Wheelers,46.0,46.148025493775094,0.14802549377509422
2023-05-01,Delhi,2-Wheelers,4977.0,5001.960529190559,24.9605291905591
2023-05-01,Delhi,3-Wheelers,1736.0,2001.96577443961,265.96577443960996
2023-05-01,Bihar,3-Wheelers,5087.0,4894.4426416836395,192.55735831636048
2023-05-01,Delhi,Bus,97.0,16.35520544805547,80.64479455194453
2023-05-01,Gujarat,2-Wheelers,9609.0,7988.363148304374,1620.6368516956263
2023-05-01,Gujarat,3-Wheelers,237.0,405.9259946810589,168.9259946810589
2023-05-01,Gujarat,Bus,6.0,216.2454864965889,210.2454864965889
2023-05-01,Karnataka,2-Wheelers,17292.0,16374.727327790339,917.2726722096613
2023-05-01,Karnataka,3-Wheelers,491.0,735.906726850322,244.906726850322
2023-05-01,Delhi,4-Wheelers,787.0,961.2218526269702,174.2218526269702
2023-06-01,Kerala,4-Wheelers,885.0,700.0064381203244,184.99356187967555
2023-06-01,Rajasthan,2-Wheelers,3261.0,2581.392824716315,679.6071752836851
2023-06-01,Kerala,Bus,0.0,33.89167134947388,33.89167134947388
2023-06-01,Maharashtra,2-Wheelers,8451.0,5855.9302252226325,2595.0697747773675
2023-06-01,Maharashtra,3-Wheelers,845.0,1132.2769362645909,287.27693626459086
2023-06-01,Maharashtra,4-Wheelers,1360.0,1632.0256621671901,272.02566216719015
2023-06-01,Maharashtra,Bus,28.0,69.09201380210288,41.09201380210288
2023-06-01,Rajasthan,3-Wheelers,2579.0,2656.687296882314,77.68729688231406
2023-06-01,Karnataka,Bus,0.0,0.0,0.0
2023-06-01,Tamil Nadu,2-Wheelers,4720.0,8772.692578494947,4052.692578494947
2023-06-01,Tamil Nadu,3-Wheelers,852.0,322.6220926512176,529.3779073487824
2023-06-01,Tamil Nadu,4-Wheelers,572.0,243.96068679017196,328.03931320982804
2023-06-01,Uttar Pradesh,2-Wheelers,1932.0,1275.6598551687425,656.3401448312575
2023-06-01,Uttar Pradesh,3-Wheelers,18993.0,16648.083733301424,2344.916266698576
2023-06-01,Uttar Pradesh,4-Wheelers,393.0,313.7939069322873,79.20609306771269
2023-06-01,Uttar Pradesh,Bus,0.0,34.069049127280095,34.069049127280095
2023-06-01,Kerala,3-Wheelers,240.0,183.76596744403355,56.23403255596645
2023-06-01,Rajasthan,4-Wheelers,380.0,59.906808431211516,320.0931915687885
2023-06-01,Kerala,2-Wheelers,4020.0,4137.647033535412,117.64703353541245
2023-06-01,Gujarat,4-Wheelers,698.0,573.6597473103113,124.34025268968867
2023-06-01,Karnataka,4-Wheelers,1142.0,1051.9418221832946,90.05817781670544
2023-06-01,Assam,3-Wheelers,4896.0,4914.418694708814,18.418694708813746
2023-06-01,Assam,4-Wheelers,28.0,0.0,28.0
2023-06-01,Assam,Bus,0.0,0.0,0.0
2023-06-01,Bihar,2-Wheelers,520.0,784.9303608013666,264.93036080136665
2023-06-01,Bihar,4-Wheelers,52.0,0.0,52.0
2023-06-01,Delhi,2-Wheelers,1787.0,2113.822839684282,326.8228396842819
2023-06-01,Delhi,3-Wheelers,1999.0,2516.5773876746975,517.5773876746975
2023-06-01,Bihar,3-Wheelers,5564.0,5727.391712182906,163.3917121829063
2023-06-01,Delhi,Bus,159.0,0.0,159.0
2023-06-01,Gujarat,2-Wheelers,4019.0,4378.173039486171,359.17303948617064
2023-06-01,Gujarat,3-Wheelers,259.0,299.41656645969056,40.41656645969056
2023-06-01,Assam,2-Wheelers,177.0,317.47818304826524,140.47818304826524
2023-06-01,Gujarat,Bus,1.0,56.289855632939634,55.289855632939634
2023-06-01,Karnataka,2-Wheelers,7730.0,5410.194622471619,2319.8053775283806
2023-06-01,Karnataka,3-Wheelers,389.0,599.8143925204207,210.8143925204207
2023-06-01,Delhi,4-Wheelers,935.0,752.3975241216388,182.60247587836125
2023-07-01,Rajasthan,2-Wheelers,3763.0,5497.542990391295,1734.5429903912946
2023-07-01,Kerala,4-Wheelers,871.0,417.54028185131494,453.45971814868506
2023-07-01,Kerala,Bus,0.0,0.0,0.0
2023-07-01,Maharashtra,2-Wheelers,9822.0,13255.705756017867,3433.7057560178673
2023-07-01,Maharashtra,3-Wheelers,1153.0,334.2511814417767,818.7488185582233
2023-07-01,Maharashtra,4-Wheelers,1103.0,740.9880830558728,362.01191694412717
2023-07-01,Maharashtra,Bus,30.0,0.0,30.0
2023-07-01,Rajasthan,3-Wheelers,2930.0,1418.1113651992196,1511.8886348007804
2023-07-01,Uttar Pradesh,Bus,0.0,345.13891227632826,345.13891227632826
2023-07-01,Tamil Nadu,2-Wheelers,5839.0,4521.952021844291,1317.0479781557087
2023-07-01,Tamil Nadu,3-Wheelers,756.0,551.2698619120038,204.73013808799624
2023-07-01,Tamil Nadu,4-Wheelers,630.0,543.0766629511922,86.92333704880775
2023-07-01,Uttar Pradesh,2-Wheelers,2326.0,2580.4752283033513,254.4752283033513
2023-07-01,Uttar Pradesh,3-Wheelers,21024.0,13552.62924080539,7471.3707591946095
2023-07-01,Uttar Pradesh,4-Wheelers,420.0,946.9302993287154,526.9302993287154
2023-07-01,Kerala,3-Wheelers,284.0,710.3974495011446,426.3974495011446
2023-07-01,Rajasthan,4-Wheelers,405.0,357.48830182227096,47.511698177729045
2023-07-01,Kerala,2-Wheelers,3937.0,8178.390613458915,4241.390613458915
2023-07-01,Gujarat,4-Wheelers,692.0,330.8014909576343,361.1985090423657
2023-07-01,Karnataka,4-Wheelers,1221.0,1065.8151505027436,155.18484949725644
2023-07-01,Assam,2-Wheelers,168.0,0.0,168.0
2023-07-01,Assam,3-Wheelers,5131.0,7162.56513092121,2031.5651309212099
2023-07-01,Assam,4-Wheelers,23.0,0.0,23.0
2023-07-01,Assam,Bus,0.0,0.0,0.0
2023-07-01,Bihar,2-Wheelers,614.0,960.4917038680845,346.4917038680845
2023-07-01,Karnataka,Bus,10.0,0.0,10.0
2023-07-01,Bihar,4-Wheelers,58.0,0.0,58.0
2023-07-01,Delhi,2-Wheelers,2068.0,3899.6287580655617,1831.6287580655617
2023-07-01,Bihar,3-Wheelers,6933.0,7472.91007450029,539.9100745002897
2023-07-01,Delhi,4-Wheelers,831.0,402.98776053365145,428.01223946634855
2023-07-01,Delhi,Bus,70.0,0.0,70.0
2023-07-01,Gujarat,2-Wheelers,5300.0,8019.728108285754,2719.7281082857544
2023-07-01,Gujarat,3-Wheelers,293.0,0.0,293.0
2023-07-01,Gujarat,Bus,0.0,0.0,0.0
2023-07-01,Karnataka,2-Wheelers,9632.0,11299.760871099066,1667.7608710990662
2023-07-01,Karnataka,3-Wheelers,589.0,237.60198962615357,351.39801037384643
2023-07-01,Delhi,3-Wheelers,1878.0,1817.5288871950106,60.47111280498939
2023-08-01,Kerala,3-Wheelers,372.0,347.86758276190415,24.132417238095854
2023-08-01,Maharashtra,Bus,46.0,99.12085384488103,53.120853844881026
2023-08-01,Kerala,4-Wheelers,736.0,702.8568929814842,33.14310701851582
2023-08-01,Kerala,Bus,57.0,0.0,57.0
2023-08-01,Maharashtra,2-Wheelers,12043.0,11881.027303862042,161.97269613795834
2023-08-01,Maharashtra,3-Wheelers,1148.0,1174.2453506924771,26.245350692477132
2023-08-01,Maharashtra,4-Wheelers,1070.0,1283.8224366696084,213.82243666960835
2023-08-01,Rajasthan,2-Wheelers,4313.0,4332.648594567083,19.64859456708291
2023-08-01,Uttar Pradesh,Bus,0.0,381.21179185306585,381.21179185306585
2023-08-01,Rajasthan,4-Wheelers,396.0,221.49372379880765,174.50627620119235
2023-08-01,Tamil Nadu,2-Wheelers,6246.0,5983.923043647042,262.0769563529584
2023-08-01,Tamil Nadu,4-Wheelers,591.0,422.2369757209668,168.76302427903317
2023-08-01,Uttar Pradesh,2-Wheelers,2710.0,2812.445617373244,102.4456173732442
2023-08-01,Uttar Pradesh,3-Wheelers,23116.0,17869.265430647287,5246.734569352713
2023-08-01,Uttar Pradesh,4-Wheelers,482.0,536.8213433712365,54.82134337123648
2023-08-01,Kerala,2-Wheelers,4798.0,7469.406553236254,2671.406553236254
2023-08-01,Rajasthan,3-Wheelers,3027.0,3617.526888174889,590.5268881748889
2023-08-01,Karnataka,Bus,0.0,0.0,0.0
2023-08-01,Tamil Nadu,3-Wheelers,499.0,334.2010106374562,164.7989893625438
2023-08-01,Karnataka,3-Wheelers,371.0,494.2722752907697,123.2722752907697
2023-08-01,Assam,3-Wheelers,5419.0,7059.237914011173,1640.2379140111734
2023-08-01,Assam,4-Wheelers,27.0,0.0,27.0
2023-08-01,Assam,Bus,0.0,0.0,0.0
2023-08-01,Bihar,2-Wheelers,713.0,652.2820518186879,60.71794818131207
2023-08-01,Karnataka,4-Wheelers,1196.0,1064.3281052673644,131.67189473263556
2023-08-01,Bihar,3-Wheelers,7036.0,7998.861439328176,962.861439328176
2023-08-01,Bihar,4-Wheelers,53.0,0.0,53.0
2023-08-01,Delhi,2-Wheelers,2116.0,3218.4340728586185,1102.4340728586185
2023-08-01,Assam,2-Wheelers,147.0,0.0,147.0
2023-08-01,Delhi,4-Wheelers,440.0,430.4403894174287,9.559610582571281
2023-08-01,Delhi,Bus,88.0,0.0,88.0
2023-08-01,Gujarat,2-Wheelers,5755.0,7580.660544004403,1825.6605440044032
2023-08-01,Gujarat,3-Wheelers,323.0,108.95946633991639,214.0405336600836
2023-08-01,Gujarat,4-Wheelers,512.0,348.4663333770544,163.5336666229456
2023-08-01,Gujarat,Bus,25.0,0.0,25.0
2023-08-01,Karnataka,2-Wheelers,9720.0,11372.281854483526,1652.2818544835263
2023-08-01,Delhi,3-Wheelers,2249.0,2079.7532781055465,169.24672189445346
2023-09-01,Kerala,4-Wheelers,773.0,474.6642968736089,298.3357031263911
2023-09-01,Kerala,Bus,0.0,0.0,0.0
2023-09-01,Maharashtra,2-Wheelers,12444.0,11936.538537146882,507.46146285311806
2023-09-01,Maharashtra,3-Wheelers,739.0,955.9232676431781,216.92326764317806
2023-09-01,Maharashtra,4-Wheelers,869.0,1099.5904614525025,230.5904614525025
2023-09-01,Maharashtra,Bus,36.0,0.0,36.0
2023-09-01,Rajasthan,2-Wheelers,4336.0,4231.907833336156,104.09216666384418
2023-09-01,Rajasthan,3-Wheelers,3004.0,2440.0098381949706,563.9901618050294
2023-09-01,Tamil Nadu,4-Wheelers,543.0,349.28276935510087,193.71723064489913
2023-09-01,Tamil Nadu,2-Wheelers,5178.0,5791.077012506103,613.0770125061026
2023-09-01,Tamil Nadu,3-Wheelers,483.0,431.86173428720656,51.13826571279344
2023-09-01,Uttar Pradesh,2-Wheelers,3141.0,2852.167902198449,288.83209780155084
2023-09-01,Uttar Pradesh,3-Wheelers,22636.0,18282.225107536462,4353.774892463538
2023-09-01,Uttar Pradesh,4-Wheelers,476.0,612.7998195926099,136.79981959260988
2023-09-01,Uttar Pradesh,Bus,0.0,18.958984665506478,18.958984665506478
2023-09-01,Kerala,3-Wheelers,384.0,155.18325115804282,228.81674884195718
2023-09-01,Rajasthan,4-Wheelers,375.0,0.0,375.0
2023-09-01,Kerala,2-Wheelers,4461.0,6655.850647466901,2194.850647466901
2023-09-01,Karnataka,Bus,8.0,0.0,8.0
2023-09-01,Karnataka,4-Wheelers,942.0,1022.1993344971681,80.19933449716814
2023-09-01,Assam,3-Wheelers,6301.0,7093.90637955145,792.9063795514503
2023-09-01,Assam,4-Wheelers,23.0,0.0,23.0
2023-09-01,Assam,Bus,0.0,0.0,0.0
2023-09-01,Bihar,2-Wheelers,900.0,606.068923483638,293.93107651636205
2023-09-01,Bihar,3-Wheelers,8422.0,8331.96680641926,90.03319358074077
2023-09-01,Bihar,4-Wheelers,60.0,0.0,60.0
2023-09-01,Delhi,2-Wheelers,2002.0,3081.7535845992215,1079.7535845992215
2023-09-01,Delhi,3-Wheelers,2325.0,2799.423557917521,474.42355791752107
2023-09-01,Assam,2-Wheelers,257.0,0.0,257.0
2023-09-01,Delhi,Bus,108.0,0.0,108.0
2023-09-01,Gujarat,2-Wheelers,7209.0,7789.720453687914,580.7204536879144
2023-09-01,Gujarat,3-Wheelers,260.0,305.1069001245303,45.106900124530284
2023-09-01,Gujarat,4-Wheelers,633.0,500.478114746326,132.521885253674
2023-09-01,Gujarat,Bus,28.0,0.0,28.0
2023-09-01,Karnataka,2-Wheelers,10590.0,11964.948461760101,1374.948461760101
2023-09-01,Karnataka,3-Wheelers,444.0,627.9343065964449,183.9343065964449
2023-09-01,Delhi,4-Wheelers,380.0,471.6958393213034,91.69583932130342
2023-10-01,Kerala,3-Wheelers,391.0,179.6725953654327,211.3274046345673
2023-10-01,Kerala,4-Wheelers,642.0,528.0175312217124,113.98246877828763
2023-10-01,Kerala,Bus,3.0,0.0,3.0
2023-10-01,Maharashtra,2-Wheelers,15716.0,13135.868956383452,2580.1310436165477
2023-10-01,Maharashtra,3-Wheelers,1149.0,1768.07773593777,619.0777359377701
2023-10-01,Maharashtra,4-Wheelers,1404.0,1829.8144180999961,425.81441809999615
2023-10-01,Maharashtra,Bus,52.0,186.83279901682226,134.83279901682226
2023-10-01,Rajasthan,2-Wheelers,4906.0,5771.462700199416,865.4627001994158
2023-10-01,Uttar Pradesh,Bus,0.0,355.98273136587466,355.98273136587466
2023-10-01,Rajasthan,4-Wheelers,464.0,81.9736496222556,382.0263503777444
2023-10-01,Tamil Nadu,2-Wheelers,6507.0,7286.738925051828,779.7389250518281
2023-10-01,Tamil Nadu,4-Wheelers,556.0,197.31948090979995,358.68051909020005
2023-10-01,Uttar Pradesh,2-Wheelers,3775.0,3566.467927906292,208.53207209370794
2023-10-01,Uttar Pradesh,3-Wheelers,20851.0,22042.150963681008,1191.1509636810079
2023-10-01,Uttar Pradesh,4-Wheelers,512.0,785.228100218966,273.228100218966
2023-10-01,Kerala,2-Wheelers,5051.0,3985.691549965816,1065.3084500341838
2023-10-01,Rajasthan,3-Wheelers,2784.0,2601.6211720697884,182.37882793021163
2023-10-01,Karnataka,Bus,0.0,162.2413478828288,162.2413478828288
2023-10-01,Tamil Nadu,3-Wheelers,320.0,506.8018276671204,186.8018276671204
2023-10-01,Karnataka,3-Wheelers,434.0,664.9321699415018,230.9321699415018
2023-10-01,Karnataka,4-Wheelers,1154.0,977.12285171148,176.87714828851995
2023-10-01,Assam,2-Wheelers,245.0,0.0,245.0
2023-10-01,Assam,3-Wheelers,5875.0,4990.094154936378,884.9058450636221
2023-10-01,Assam,4-Wheelers,24.0,354.3617352000397,330.3617352000397
2023-10-01,Assam,Bus,0.0,194.0448067049822,194.0448067049822
2023-10-01,Bihar,3-Wheelers,8841.0,6573.706255363553,2267.2937446364467
2023-10-01,Bihar,4-Wheelers,57.0,654.0660890931354,597.0660890931354
2023-10-01,Delhi,2-Wheelers,2611.0,2989.6160796124477,378.6160796124477
2023-10-01,Bihar,2-Wheelers,820.0,1036.6631932647858,216.66319326478583
2023-10-01,Delhi,4-Wheelers,519.0,845.4772461623313,326.4772461623313
2023-10-01,Delhi,Bus,138.0,179.6029473179609,41.60294731796091
2023-10-01,Gujarat,2-Wheelers,8417.0,7061.463569435729,1355.5364305642706
2023-10-01,Gujarat,3-Wheelers,232.0,944.1445555204572,712.1445555204572
2023-10-01,Gujarat,4-Wheelers,670.0,938.2787223224589,268.27872232245886
2023-10-01,Gujarat,Bus,0.0,276.64191113686695,276.64191113686695
2023-10-01,Karnataka,2-Wheelers,11137.0,10960.46168014987,176.53831985012948
2023-10-01,Delhi,3-Wheelers,2706.0,2752.7313405204286,46.7313405204286
2023-11-01,Maharashtra,Bus,44.0,210.27868067768702,166.27868067768702
2023-11-01,Kerala,3-Wheelers,464.0,500.49648616403385,36.496486164033854
2023-11-01,Kerala,4-Wheelers,641.0,665.8001923223206,24.80019232232064
2023-11-01,Kerala,Bus,0.0,0.0,0.0
2023-11-01,Maharashtra,2-Wheelers,19008.0,14604.651865653223,4403.348134346777
2023-11-01,Maharashtra,3-Wheelers,932.0,1726.1230288472716,794.1230288472716
2023-11-01,Maharashtra,4-Wheelers,1315.0,1929.8809106229546,614.8809106229546
2023-11-01,Rajasthan,2-Wheelers,7743.0,8515.529304711969,772.5293047119685
2023-11-01,Uttar Pradesh,Bus,0.0,280.7259580662461,280.7259580662461
2023-11-01,Rajasthan,4-Wheelers,539.0,203.8833016043393,335.1166983956607
2023-11-01,Tamil Nadu,2-Wheelers,7096.0,9029.769966759579,1933.769966759579
2023-11-01,Tamil Nadu,4-Wheelers,599.0,189.16607980095023,409.83392019904977
2023-11-01,Uttar Pradesh,2-Wheelers,5327.0,4892.226177385206,434.77382261479397
2023-11-01,Uttar Pradesh,3-Wheelers,21123.0,24646.027263785265,3523.027263785265
2023-11-01,Uttar Pradesh,4-Wheelers,446.0,733.7129120189411,287.7129120189411
2023-11-01,Kerala,2-Wheelers,5352.0,3401.20758788043,1950.7924121195701
2023-11-01,Rajasthan,3-Wheelers,3051.0,2400.9822918741584,650.0177081258416
2023-11-01,Karnataka,Bus,63.0,399.6120508238157,336.6120508238157
2023-11-01,Tamil Nadu,3-Wheelers,354.0,582.0887472404338,228.0887472404338
2023-11-01,Karnataka,3-Wheelers,355.0,706.6023447630541,351.60234476305413
2023-11-01,Karnataka,4-Wheelers,822.0,835.9425776042201,13.942577604220105
2023-11-01,Assam,2-Wheelers,244.0,262.10686848701914,18.106868487019142
2023-11-01,Assam,3-Wheelers,4527.0,3553.2607597080605,973.7392402919395
2023-11-01,Assam,4-Wheelers,26.0,360.34437714762703,334.34437714762703
2023-11-01,Assam,Bus,40.0,264.8706444351873,224.87064443518727
2023-11-01,Bihar,3-Wheelers,7133.0,4946.894636107377,2186.1053638926232
2023-11-01,Bihar,4-Wheelers,50.0,501.61623506113676,451.61623506113676
2023-11-01,Delhi,2-Wheelers,3976.0,3046.2395804345415,929.7604195654585
2023-11-01,Bihar,2-Wheelers,1765.0,1554.8271989694522,210.17280103054782
2023-11-01,Delhi,4-Wheelers,538.0,934.6199784701905,396.6199784701905
2023-11-01,Delhi,Bus,85.0,385.2190358331221,300.2190358331221
2023-11-01,Gujarat,2-Wheelers,5424.0,5447.046301738152,23.04630173815167
2023-11-01,Gujarat,3-Wheelers,248.0,810.0311685616105,562.0311685616105
2023-11-01,Gujarat,4-Wheelers,592.0,811.5990884612133,219.59908846121334
2023-11-01,Gujarat,Bus,0.0,316.67629368796315,316.67629368796315
2023-11-01,Karnataka,2-Wheelers,14300.0,10143.568426315742,4156.431573684258
2023-11-01,Delhi,3-Wheelers,2229.0,2919.6760680139337,690.6760680139337
2023-12-01,Maharashtra,Bus,38.0,563.2135653978651,525.2135653978651
2023-12-01,Kerala,4-Wheelers,736.0,1076.9414606218845,340.9414606218845
2023-12-01,Kerala,Bus,0.0,164.65417026383545,164.65417026383545
2023-12-01,Maharashtra,2-Wheelers,14495.0,14593.022833032654,98.02283303265358
2023-12-01,Maharashtra,3-Wheelers,988.0,1558.0155429611632,570.0155429611632
2023-12-01,Maharashtra,4-Wheelers,1125.0,1535.306896962334,410.3068969623339
2023-12-01,Rajasthan,2-Wheelers,4676.0,4699.373422630587,23.3734226305869
2023-12-01,Uttar Pradesh,Bus,0.0,472.95037161167875,472.95037161167875
2023-12-01,Rajasthan,4-Wheelers,348.0,236.16088664150288,111.83911335849712
2023-12-01,Tamil Nadu,2-Wheelers,5403.0,6168.552720437956,765.5527204379559
2023-12-01,Tamil Nadu,3-Wheelers,404.0,419.1137777097608,15.113777709760825
2023-12-01,Tamil Nadu,4-Wheelers,520.0,302.3264382000757,217.6735617999243
2023-12-01,Uttar Pradesh,2-Wheelers,5487.0,4308.065465403246,1178.934534596754
2023-12-01,Uttar Pradesh,3-Wheelers,24122.0,22150.209298650647,1971.7907013493532
2023-12-01,Uttar Pradesh,4-Wheelers,498.0,1042.1515477587232,544.1515477587232
2023-12-01,Kerala,3-Wheelers,509.0,647.6390463871941,138.63904638719407
2023-12-01,Rajasthan,3-Wheelers,2852.0,3563.9044548989873,711.9044548989873
2023-12-01,Kerala,2-Wheelers,4866.0,5757.397291259933,891.3972912599329
2023-12-01,Gujarat,3-Wheelers,328.0,306.3865684481484,21.61343155185159
2023-12-01,Karnataka,4-Wheelers,1155.0,1234.5130507666506,79.51305076665062
2023-12-01,Assam,2-Wheelers,204.0,77.37285574002408,126.62714425997592
2023-12-01,Assam,3-Wheelers,4230.0,5625.716082773188,1395.7160827731877
2023-12-01,Assam,4-Wheelers,30.0,0.0,30.0
2023-12-01,Assam,Bus,118.0,0.0,118.0
2023-12-01,Karnataka,Bus,55.0,0.0,55.0
2023-12-01,Bihar,3-Wheelers,7883.0,7819.610691992912,63.3893080070884
2023-12-01,Bihar,4-Wheelers,59.0,0.0,59.0
2023-12-01,Delhi,2-Wheelers,5380.0,4428.377003417275,951.6229965827251
2023-12-01,Bihar,2-Wheelers,1354.0,1206.026928511439,147.9730714885609
2023-12-01,Delhi,4-Wheelers,811.0,821.7999114095318,10.799911409531774
2023-12-01,Delhi,Bus,348.0,213.74963843713067,134.25036156286933
2023-12-01,Gujarat,2-Wheelers,4080.0,5886.380216208966,1806.380216208966
2023-12-01,Gujarat,4-Wheelers,548.0,434.39259203879897,113.60740796120103
2023-12-01,Gujarat,Bus,0.0,0.0,0.0
2023-12-01,Karnataka,2-Wheelers,10237.0,8753.194856320768,1483.805143679232
2023-12-01,Karnataka,3-Wheelers,439.0,872.8075657578972,433.80756575789724
2023-12-01,Delhi,3-Wheelers,2897.0,2885.5276782059127,11.472321794087293
2024-01-01,Maharashtra,4-Wheelers,1289.0,1230.0393318916836,58.96066810831644
2024-01-01,Kerala,3-Wheelers,542.0,246.87991056869203,295.120089431308
2024-01-01,Kerala,4-Wheelers,734.0,533.6356180721383,200.3643819278617
2024-01-01,Kerala,Bus,22.0,0.0,22.0
2024-01-01,Maharashtra,2-Wheelers,16367.0,15113.925370324303,1253.074629675697
2024-01-01,Maharashtra,3-Wheelers,892.0,1468.9057261599137,576.9057261599137
2024-01-01,Maharashtra,Bus,94.0,229.58050694437463,135.58050694437463
2024-01-01,Kerala,2-Wheelers,6457.0,6119.706490930845,337.29350906915533
2024-01-01,Rajasthan,3-Wheelers,2484.0,2982.2970422890767,498.29704228907667
2024-01-01,Rajasthan,4-Wheelers,498.0,324.4342010390279,173.56579896097207
2024-01-01,Tamil Nadu,2-Wheelers,7580.0,7914.259185313306,334.25918531330626
2024-01-01,Tamil Nadu,3-Wheelers,406.0,374.27979977411223,31.720200225887766
2024-01-01,Tamil Nadu,4-Wheelers,626.0,424.1886381667472,201.81136183325282
2024-01-01,Uttar Pradesh,2-Wheelers,5668.0,4784.520945295277,883.4790547047232
2024-01-01,Uttar Pradesh,3-Wheelers,21758.0,21760.52027153454,2.5202715345403703
2024-01-01,Rajasthan,2-Wheelers,4432.0,5607.6713735208705,1175.6713735208705
2024-01-01,Karnataka,Bus,92.0,224.62388770968857,132.62388770968857
2024-01-01,Uttar Pradesh,4-Wheelers,399.0,841.2818051031943,442.2818051031943
2024-01-01,Karnataka,3-Wheelers,577.0,696.7252840677348,119.72528406773483
2024-01-01,Assam,2-Wheelers,253.0,173.16795981458324,79.83204018541676
2024-01-01,Assam,3-Wheelers,3965.0,4612.890679828488,647.8906798284879
2024-01-01,Assam,4-Wheelers,21.0,0.0,21.0
2024-01-01,Assam,Bus,20.0,0.0,20.0
2024-01-01,Bihar,2-Wheelers,1288.0,1076.1049353224323,211.8950646775677
2024-01-01,Bihar,3-Wheelers,7024.0,6304.807664419629,719.192335580371
2024-01-01,Bihar,4-Wheelers,58.0,256.8604783643841,198.8604783643841
2024-01-01,Karnataka,4-Wheelers,1080.0,1167.6285736448522,87.62857364485217
2024-01-01,Delhi,2-Wheelers,3073.0,2716.868561479789,356.13143852021085
2024-01-01,Delhi,4-Wheelers,1345.0,991.9390428634606,353.0609571365394
2024-01-01,Delhi,Bus,178.0,278.13272697006107,100.13272697006107
2024-01-01,Gujarat,2-Wheelers,5424.0,6057.5428971446545,633.5428971446545
2024-01-01,Gujarat,3-Wheelers,296.0,445.28633463690335,149.28633463690335
2024-01-01,Gujarat,4-Wheelers,494.0,550.5635538472295,56.563553847229514
2024-01-01,Gujarat,Bus,59.0,89.67672532170764,30.676725321707636
2024-01-01,Karnataka,2-Wheelers,12415.0,10315.016334032065,2099.983665967935
2024-01-01,Delhi,3-Wheelers,2434.0,2878.3069491965825,444.30694919658254
2024-01-01,Uttar Pradesh,Bus,0.0,781.6590734371528,781.6590734371528
