2020-01-01,Andaman & Nicobar Island,0,0.00
2020-01-01,Andhra Pradesh,116,0.00
2020-01-01,Arunachal Pradesh,0,4.64
2020-01-01,Assam,733,3.76
2020-01-01,Bihar,1297,44.83
2020-01-01,Chandigarh,33,116.02
2020-01-01,Chhattisgarh,216,96.81
2020-01-01,DNH and DD,5,98.20
2020-01-01,Delhi,2513,85.73
2020-01-01,Goa,2,263.00
2020-01-01,Gujarat,93,217.85
2020-01-01,Haryana,370,195.91
2020-01-01,Himachal Pradesh,0,202.16
2020-01-01,Jammu and Kashmir,1,177.62
2020-01-01,Jharkhand,177,158.65
2020-01-01,Karnataka,1207,157.94
2020-01-01,Kerala,100,245.80
2020-01-01,Ladakh,0,220.39
2020-01-01,Madhya Pradesh,307,194.16
2020-01-01,Maharashtra,738,201.10
2020-01-01,Manipur,25,245.60
2020-01-01,Meghalaya,1,216.51
2020-01-01,Mizoram,0,192.51
2020-01-01,Nagaland,0,172.87
2020-01-01,Odisha,81,156.31
2020-01-01,Puducherry,9,149.78
2020-01-01,Punjab,150,136.67
2020-01-01,Rajasthan,593,139.13
2020-01-01,Sikkim,0,183.70
2020-01-01,Tamil Nadu,443,161.04
2020-01-01,Tripura,792,187.95
2020-01-01,Uttar Pradesh,5483,244.37
2020-01-01,Uttarakhand,443,762.47
2020-01-01,West Bengal,937,673.46
2020-02-01,Andaman & Nicobar Island,3,296.79
2020-02-01,Andhra Pradesh,107,-20.00
2020-02-01,Arunachal Pradesh,1,-29.01
2020-02-01,Assam,1263,-3.39
2020-02-01,Bihar,1523,371.85
2020-02-01,Chandigarh,23,496.04
2020-02-01,Chhattisgarh,176,376.55
2020-02-01,DNH and DD,0,233.75
2020-02-01,Delhi,2014,481.14
2020-02-01,Goa,3,577.77
2020-02-01,Gujarat,52,489.19
2020-02-01,Haryana,433,463.31
2020-02-01,Himachal Pradesh,65,420.09
2020-02-01,Jammu and Kashmir,0,347.15
2020-02-01,Jharkhand,201,281.81
2020-02-01,Karnataka,738,395.26
2020-02-01,Kerala,109,389.49
2020-02-01,Ladakh,0,329.92
2020-02-01,Madhya Pradesh,308,303.88
2020-02-01,Maharashtra,795,368.71
2020-02-01,Manipur,55,359.93
2020-02-01,Meghalaya,1,316.81
2020-02-01,Mizoram,0,272.22
2020-02-01,Nagaland,0,225.81
2020-02-01,Odisha,72,189.09
2020-02-01,Puducherry,3,136.98
2020-02-01,Punjab,109,88.56
2020-02-01,Rajasthan,558,105.07
2020-02-01,Sikkim,0,29.71
2020-02-01,Tamil Nadu,532,-40.09
2020-02-01,Tripura,522,-132.56
2020-02-01,Uttar Pradesh,4864,511.80
2020-02-01,Uttarakhand,467,591.37
2020-02-01,West Bengal,1572,624.55
2020-03-01,Andaman & Nicobar Island,0,81.56
2020-03-01,Andhra Pradesh,110,93.23
2020-03-01,Arunachal Pradesh,2,-3.63
2020-03-01,Assam,837,657.49
2020-03-01,Bihar,1680,819.94
2020-03-01,Chandigarh,7,108.31
2020-03-01,Chhattisgarh,164,181.60
2020-03-01,DNH and DD,4,36.36
2020-03-01,Delhi,1286,1251.40
2020-03-01,Goa,2,158.74
2020-03-01,Gujarat,115,173.83
2020-03-01,Haryana,304,389.11
2020-03-01,Himachal Pradesh,43,176.77
2020-03-01,Jammu and Kashmir,9,116.39
2020-03-01,Jharkhand,236,195.17
2020-03-01,Karnataka,904,551.45
2020-03-01,Kerala,93,233.87
2020-03-01,Ladakh,0,148.45
2020-03-01,Madhya Pradesh,330,297.57
2020-03-01,Maharashtra,841,589.78
2020-03-01,Manipur,20,203.31
2020-03-01,Meghalaya,0,152.41
2020-03-01,Mizoram,0,128.67
2020-03-01,Nagaland,10,102.96
2020-03-01,Odisha,86,119.34
2020-03-01,Puducherry,6,52.35
2020-03-01,Punjab,95,76.31
2020-03-01,Rajasthan,405,313.71
2020-03-01,Sikkim,0,-30.80
2020-03-01,Tamil Nadu,686,195.53
2020-03-01,Tripura,433,130.59
2020-03-01,Uttar Pradesh,3422,2743.41
2020-03-01,Uttarakhand,184,461.09
2020-03-01,West Bengal,1752,1041.50
2020-04-01,Andaman & Nicobar Island,0,-82.56
2020-04-01,Andhra Pradesh,15,105.68
2020-04-01,Arunachal Pradesh,1,-56.12
2020-04-01,Assam,2,787.07
2020-04-01,Bihar,22,1165.00
2020-04-01,Chandigarh,23,-491.38
2020-04-01,Chhattisgarh,4,-242.83
2020-04-01,DNH and DD,0,-357.53
2020-04-01,Delhi,7,1082.11
2020-04-01,Goa,0,-338.35
2020-04-01,Gujarat,6,-204.17
2020-04-01,Haryana,48,52.71
2020-04-01,Himachal Pradesh,0,-194.61
2020-04-01,Jammu and Kashmir,5,-213.18
2020-04-01,Jharkhand,24,-10.41
2020-04-01,Karnataka,5,568.76
2020-04-01,Kerala,0,-122.11
2020-04-01,Ladakh,0,-198.92
2020-04-01,Madhya Pradesh,58,96.03
2020-04-01,Maharashtra,9,545.83
2020-04-01,Manipur,1,-171.71
2020-04-01,Meghalaya,0,-186.89
2020-04-01,Mizoram,0,-178.31
2020-04-01,Nagaland,0,-167.64
2020-04-01,Odisha,1,-99.73
2020-04-01,Punjab,7,-102.32
2020-04-01,Rajasthan,23,206.65
2020-04-01,Sikkim,0,-216.51
2020-04-01,Tamil Nadu,0,307.70
2020-04-01,Tripura,1,97.92
2020-04-01,Uttar Pradesh,328,3171.71
2020-04-01,Uttarakhand,11,-22.20
2020-04-01,West Bengal,374,1201.18
2020-05-01,Andaman & Nicobar Island,0,-430.41
2020-05-01,Andhra Pradesh,1,-67.18
2020-05-01,Arunachal Pradesh,0,-130.15
2020-05-01,Assam,74,257.84
2020-05-01,Bihar,48,539.94
2020-05-01,Chandigarh,0,-151.62
2020-05-01,Chhattisgarh,20,-117.49
2020-05-01,DNH and DD,2,-199.92
2020-05-01,Delhi,120,447.55
2020-05-01,Goa,2,-151.93
2020-05-01,Gujarat,0,-111.85
2020-05-01,Haryana,20,17.77
2020-05-01,Himachal Pradesh,0,-132.23
2020-05-01,Jammu and Kashmir,0,-147.41
2020-05-01,Jharkhand,2,-50.52
2020-05-01,Karnataka,332,205.11
2020-05-01,Kerala,21,-76.03
2020-05-01,Madhya Pradesh,32,43.15
2020-05-01,Maharashtra,133,220.34
2020-05-01,Manipur,0,-94.85
2020-05-01,Meghalaya,0,-109.32
2020-05-01,Mizoram,0,-111.62
2020-05-01,Nagaland,0,-111.97
2020-05-01,Odisha,20,-84.28
2020-05-01,Puducherry,2,-267.38
2020-05-01,Punjab,1,-73.85
2020-05-01,Rajasthan,31,78.06
2020-05-01,Sikkim,0,-130.56
2020-05-01,Tamil Nadu,98,111.11
2020-05-01,Tripura,108,24.58
2020-05-01,Uttar Pradesh,165,1676.69
2020-05-01,Uttarakhand,5,32.04
2020-05-01,West Bengal,74,823.21
2020-06-01,Andaman & Nicobar Island,10,-154.13
2020-06-01,Andhra Pradesh,75,-130.76
2020-06-01,Arunachal Pradesh,0,-93.48
2020-06-01,Assam,547,119.14
2020-06-01,Bihar,846,352.84
2020-06-01,Chandigarh,15,179.20
2020-06-01,Chhattisgarh,137,146.75
2020-06-01,DNH and DD,2,71.72
2020-06-01,Delhi,526,389.78
2020-06-01,Goa,2,98.79
2020-06-01,Gujarat,103,84.13
2020-06-01,Haryana,135,140.27
2020-06-01,Himachal Pradesh,8,57.72
2020-06-01,Jammu and Kashmir,1,32.53
2020-06-01,Jharkhand,59,59.18
2020-06-01,Karnataka,491,370.91
2020-06-01,Kerala,43,51.48
2020-06-01,Ladakh,0,-85.67
2020-06-01,Madhya Pradesh,199,101.46
2020-06-01,Maharashtra,314,248.48
2020-06-01,Manipur,0,34.43
2020-06-01,Meghalaya,0,18.34
2020-06-01,Mizoram,0,8.20
2020-06-01,Nagaland,0,-0.22
2020-06-01,Odisha,61,17.04
2020-06-01,Puducherry,4,-42.98
2020-06-01,Punjab,40,-6.63
2020-06-01,Rajasthan,243,77.06
2020-06-01,Sikkim,0,-24.13
2020-06-01,Tamil Nadu,286,137.70
2020-06-01,Tripura,200,113.02
2020-06-01,Uttar Pradesh,1678,878.50
2020-06-01,Uttarakhand,128,159.94
2020-06-01,West Bengal,333,550.46
2020-07-01,Andaman & Nicobar Island,15,106.84
2020-07-01,Andhra Pradesh,96,-8.79
2020-07-01,Arunachal Pradesh,0,-48.66
2020-07-01,Assam,602,394.65
2020-07-01,Bihar,680,654.62
2020-07-01,Chandigarh,17,-13.78
2020-07-01,Chhattisgarh,98,91.52
2020-07-01,DNH and DD,1,-14.86
2020-07-01,Delhi,638,469.13
2020-07-01,Goa,1,23.91
2020-07-01,Gujarat,76,93.98
2020-07-01,Haryana,199,137.84
2020-07-01,Himachal Pradesh,6,31.93
2020-07-01,Jammu and Kashmir,5,21.46
2020-07-01,Jharkhand,207,72.90
2020-07-01,Karnataka,440,491.21
2020-07-01,Kerala,50,60.79
2020-07-01,Ladakh,0,-13.99
2020-07-01,Madhya Pradesh,187,178.88
2020-07-01,Maharashtra,406,308.83
2020-07-01,Manipur,0,22.99
2020-07-01,Meghalaya,0,17.93
2020-07-01,Mizoram,1,14.56
2020-07-01,Nagaland,0,11.47
2020-07-01,Odisha,54,57.51
2020-07-01,Puducherry,5,-1.94
2020-07-01,Punjab,60,30.71
2020-07-01,Rajasthan,455,194.65
2020-07-01,Sikkim,0,3.89
2020-07-01,Tamil Nadu,343,252.57
2020-07-01,Tripura,230,185.20
2020-07-01,Uttar Pradesh,2141,1444.67
2020-07-01,Uttarakhand,155,154.72
2020-07-01,West Bengal,631,450.46
2020-08-01,Andaman & Nicobar Island,0,83.94
2020-08-01,Andhra Pradesh,193,82.15
2020-08-01,Arunachal Pradesh,0,16.09
2020-08-01,Assam,629,566.65
2020-08-01,Bihar,938,694.00
2020-08-01,Chandigarh,58,39.93
2020-08-01,Chhattisgarh,68,132.64
2020-08-01,DNH and DD,0,17.28
2020-08-01,Delhi,739,619.28
2020-08-01,Goa,4,24.45
2020-08-01,Gujarat,192,101.81
2020-08-01,Haryana,285,210.53
2020-08-01,Himachal Pradesh,6,45.01
2020-08-01,Jammu and Kashmir,9,38.95
2020-08-01,Jharkhand,80,188.95
2020-08-01,Karnataka,647,487.12
2020-08-01,Kerala,111,80.02
2020-08-01,Ladakh,0,21.06
2020-08-01,Madhya Pradesh,242,216.77
2020-08-01,Maharashtra,491,411.72
2020-08-01,Manipur,0,33.73
2020-08-01,Meghalaya,0,30.92
2020-08-01,Mizoram,0,29.30
2020-08-01,Nagaland,0,26.35
2020-08-01,Odisha,62,78.74
2020-08-01,Puducherry,4,21.71
2020-08-01,Punjab,44,69.61
2020-08-01,Rajasthan,347,387.37
2020-08-01,Sikkim,0,-0.10
2020-08-01,Tamil Nadu,533,321.69
2020-08-01,Tripura,205,228.87
2020-08-01,Uttar Pradesh,2024,1965.20
2020-08-01,Uttarakhand,155,131.84
2020-08-01,West Bengal,492,559.69
2020-09-01,Andaman & Nicobar Island,1,-5.17
2020-09-01,Andhra Pradesh,256,174.24
2020-09-01,Arunachal Pradesh,0,11.46
2020-09-01,Assam,583,633.35
2020-09-01,Bihar,1562,858.07
2020-09-01,Chandigarh,83,115.85
2020-09-01,Chhattisgarh,111,145.07
2020-09-01,DNH and DD,1,56.11
2020-09-01,Delhi,630,764.35
2020-09-01,Goa,7,20.40
2020-09-01,Gujarat,80,172.82
2020-09-01,Haryana,293,255.67
2020-09-01,Himachal Pradesh,21,5.30
2020-09-01,Jammu and Kashmir,6,9.83
2020-09-01,Jharkhand,128,116.50
2020-09-01,Karnataka,777,612.59
2020-09-01,Kerala,194,104.75
2020-09-01,Ladakh,0,10.55
2020-09-01,Madhya Pradesh,418,248.26
2020-09-01,Maharashtra,610,497.26
2020-09-01,Manipur,1,31.90
2020-09-01,Meghalaya,0,30.41
2020-09-01,Mizoram,0,29.26
2020-09-01,Nagaland,0,27.59
2020-09-01,Odisha,134,87.86
2020-09-01,Puducherry,12,28.60
2020-09-01,Punjab,99,75.85
2020-09-01,Rajasthan,704,399.73
2020-09-01,Sikkim,0,43.15
2020-09-01,Tamil Nadu,674,513.02
2020-09-01,Tripura,191,259.65
2020-09-01,Uttar Pradesh,2680,2118.87
2020-09-01,Uttarakhand,200,214.37
2020-09-01,West Bengal,899,597.87
2020-10-01,Andaman & Nicobar Island,3,79.69
2020-10-01,Andhra Pradesh,179,252.48
2020-10-01,Arunachal Pradesh,0,-25.31
2020-10-01,Assam,1007,615.66
2020-10-01,Bihar,1267,1449.53
2020-10-01,Chandigarh,40,33.97
2020-10-01,Chhattisgarh,122,76.48
2020-10-01,DNH and DD,0,-12.83
2020-10-01,Delhi,1005,682.23
2020-10-01,Goa,19,49.25
2020-10-01,Gujarat,112,153.92
2020-10-01,Haryana,229,331.54
2020-10-01,Himachal Pradesh,6,43.90
2020-10-01,Jammu and Kashmir,7,31.30
2020-10-01,Jharkhand,98,150.84
2020-10-01,Karnataka,1251,760.90
2020-10-01,Kerala,225,214.01
2020-10-01,Ladakh,0,42.54
2020-10-01,Madhya Pradesh,364,407.24
2020-10-01,Maharashtra,713,611.76
2020-10-01,Manipur,0,34.32
2020-10-01,Meghalaya,0,33.13
2020-10-01,Mizoram,0,32.74
2020-10-01,Nagaland,0,32.07
2020-10-01,Odisha,86,143.00
2020-10-01,Puducherry,11,31.25
2020-10-01,Punjab,61,108.79
2020-10-01,Rajasthan,477,625.47
2020-10-01,Sikkim,0,-0.87
2020-10-01,Tamil Nadu,485,623.96
2020-10-01,Tripura,258,192.51
2020-10-01,Uttar Pradesh,2061,2543.70
2020-10-01,Uttarakhand,188,129.98
2020-10-01,West Bengal,1176,740.60
2020-11-01,Andaman & Nicobar Island,2,-34.72
2020-11-01,Andhra Pradesh,176,218.09
2020-11-01,Arunachal Pradesh,1,-1.19
2020-11-01,Assam,1006,892.38
2020-11-01,Bihar,1019,1313.07
2020-11-01,Chandigarh,38,-47.31
2020-11-01,Chhattisgarh,232,37.87
2020-11-01,DNH and DD,2,-52.71
2020-11-01,Delhi,1558,876.81
2020-11-01,Goa,23,34.86
2020-11-01,Gujarat,149,135.90
2020-11-01,Haryana,228,283.95
2020-11-01,Himachal Pradesh,22,32.91
2020-11-01,Jammu and Kashmir,18,30.36
2020-11-01,Jharkhand,157,135.01
2020-11-01,Karnataka,1352,1131.08
2020-11-01,Kerala,218,224.65
2020-11-01,Ladakh,0,5.91
2020-11-01,Madhya Pradesh,344,388.94
2020-11-01,Maharashtra,988,695.39
2020-11-01,Manipur,0,23.60
2020-11-01,Meghalaya,1,23.38
2020-11-01,Mizoram,0,23.47
2020-11-01,Nagaland,1,23.37
2020-11-01,Odisha,128,121.67
2020-11-01,Puducherry,19,31.96
2020-11-01,Punjab,82,96.33
2020-11-01,Rajasthan,747,565.24
2020-11-01,Sikkim,0,37.84
2020-11-01,Tamil Nadu,711,587.76
2020-11-01,Tripura,227,293.13
2020-11-01,Uttar Pradesh,2726,2350.71
2020-11-01,Uttarakhand,214,265.64
2020-11-01,West Bengal,1001,1139.33
2020-12-01,Andaman & Nicobar Island,2,42.03
2020-12-01,Andhra Pradesh,299,195.41
2020-12-01,Arunachal Pradesh,0,62.62
2020-12-01,Assam,1074,1038.10
2020-12-01,Bihar,1565,1184.42
2020-12-01,Chandigarh,32,162.42
2020-12-01,Chhattisgarh,141,281.50
2020-12-01,DNH and DD,7,42.85
2020-12-01,Delhi,1342,1404.98
2020-12-01,Goa,15,-17.07
2020-12-01,Gujarat,142,111.11
2020-12-01,Haryana,438,221.50
2020-12-01,Himachal Pradesh,4,23.29
2020-12-01,Jammu and Kashmir,13,19.57
2020-12-01,Jharkhand,147,151.50
2020-12-01,Karnataka,1572,1308.54
2020-12-01,Kerala,222,227.75
2020-12-01,Ladakh,0,2.09
2020-12-01,Madhya Pradesh,569,372.75
2020-12-01,Maharashtra,1099,933.50
2020-12-01,Manipur,2,21.00
2020-12-01,Meghalaya,0,22.05
2020-12-01,Mizoram,0,21.54
2020-12-01,Nagaland,0,22.39
2020-12-01,Odisha,119,142.85
2020-12-01,Puducherry,13,33.83
2020-12-01,Punjab,84,100.47
2020-12-01,Rajasthan,1020,714.20
2020-12-01,Sikkim,0,33.10
2020-12-01,Tamil Nadu,907,707.30
2020-12-01,Tripura,254,282.63
2020-12-01,Uttar Pradesh,3692,2699.06
2020-12-01,Uttarakhand,248,305.21
2020-12-01,West Bengal,838,1146.84
2021-01-01,Andaman & Nicobar Island,15,-117.71
2021-01-01,Andhra Pradesh,304,1124.90
2021-01-01,Arunachal Pradesh,0,-2079.03
2021-01-01,Assam,887,4811.26
2021-01-01,Bihar,1705,-3720.59
2021-01-01,Chandigarh,26,5264.31
2021-01-01,Chhattisgarh,166,-3286.27
2021-01-01,DNH and DD,1,1578.26
2021-01-01,Delhi,1445,866.23
2021-01-01,Goa,31,196.44
2021-01-01,Gujarat,178,116.60
2021-01-01,Haryana,254,393.74
2021-01-01,Himachal Pradesh,7,-133.55
2021-01-01,Jammu and Kashmir,12,-23.13
2021-01-01,Jharkhand,167,124.12
2021-01-01,Karnataka,1784,1511.95
2021-01-01,Kerala,269,420.00
2021-01-01,Ladakh,0,69.03
2021-01-01,Madhya Pradesh,503,518.04
2021-01-01,Maharashtra,1122,1042.90
2021-01-01,Manipur,2,24.18
2021-01-01,Meghalaya,0,-3.86
2021-01-01,Mizoram,0,-14.56
2021-01-01,Nagaland,1,-18.30
2021-01-01,Odisha,150,103.38
2021-01-01,Puducherry,13,6.80
2021-01-01,Punjab,89,71.54
2021-01-01,Rajasthan,846,917.27
2021-01-01,Sikkim,0,-61.10
2021-01-01,Tamil Nadu,1083,807.32
2021-01-01,Tripura,274,331.27
2021-01-01,Uttar Pradesh,4427,3467.65
2021-01-01,Uttarakhand,337,690.15
2021-01-01,West Bengal,927,1231.67
2021-02-01,Andaman & Nicobar Island,26,597.67
2021-02-01,Andhra Pradesh,442,136.52
2021-02-01,Arunachal Pradesh,0,1519.69
2021-02-01,Assam,1076,-1570.42
2021-02-01,Bihar,1592,5656.50
2021-02-01,Chandigarh,20,-4206.88
2021-02-01,Chhattisgarh,237,3187.88
2021-02-01,DNH and DD,3,-1405.69
2021-02-01,Delhi,1599,1971.11
2021-02-01,Goa,46,-76.08
2021-02-01,Gujarat,286,241.73
2021-02-01,Haryana,375,359.98
2021-02-01,Himachal Pradesh,5,151.58
2021-02-01,Jammu and Kashmir,0,27.66
2021-02-01,Jharkhand,158,157.54
2021-02-01,Karnataka,1699,1711.62
2021-02-01,Kerala,376,88.26
2021-02-01,Ladakh,0,-1.74
2021-02-01,Madhya Pradesh,498,558.56
2021-02-01,Maharashtra,1428,1152.38
2021-02-01,Manipur,1,79.74
2021-02-01,Meghalaya,0,64.31
2021-02-01,Mizoram,0,45.41
2021-02-01,Nagaland,0,29.74
2021-02-01,Odisha,217,160.42
2021-02-01,Puducherry,15,32.92
2021-02-01,Punjab,96,105.84
2021-02-01,Rajasthan,1114,907.84
2021-02-01,Sikkim,0,87.38
2021-02-01,Tamil Nadu,2896,1073.59
2021-02-01,Tripura,225,761.58
2021-02-01,Uttar Pradesh,4438,4535.79
2021-02-01,Uttarakhand,346,346.65
2021-02-01,West Bengal,859,1088.41
2021-03-01,Andaman & Nicobar Island,31,390.68
2021-03-01,Andhra Pradesh,1052,665.22
2021-03-01,Arunachal Pradesh,2,844.82
2021-03-01,Assam,1472,909.04
2021-03-01,Bihar,2045,2750.15
2021-03-01,Chandigarh,56,-165.97
2021-03-01,Chhattisgarh,349,765.94
2021-03-01,DNH and DD,2,144.96
2021-03-01,Delhi,2201,1757.46
2021-03-01,Goa,80,287.47
2021-03-01,Gujarat,360,446.21
2021-03-01,Haryana,524,503.86
2021-03-01,Himachal Pradesh,16,182.43
2021-03-01,Jammu and Kashmir,104,143.37
2021-03-01,Jharkhand,311,295.49
2021-03-01,Karnataka,2657,1883.17
2021-03-01,Kerala,514,645.04
2021-03-01,Ladakh,0,219.65
2021-03-01,Madhya Pradesh,968,691.67
2021-03-01,Maharashtra,2095,1622.35
2021-03-01,Manipur,9,316.86
2021-03-01,Meghalaya,0,255.52
2021-03-01,Mizoram,0,203.57
2021-03-01,Nagaland,0,160.86
2021-03-01,Odisha,327,322.18
2021-03-01,Puducherry,34,124.22
2021-03-01,Punjab,290,190.32
2021-03-01,Rajasthan,2189,1185.56
2021-03-01,Sikkim,0,328.63
2021-03-01,Tamil Nadu,3922,2572.18
2021-03-01,Tripura,239,454.07
2021-03-01,Uttar Pradesh,5230,4718.19
2021-03-01,Uttarakhand,437,631.78
2021-03-01,West Bengal,599,1193.28
2021-04-01,Andaman & Nicobar Island,9,-765.36
2021-04-01,Andhra Pradesh,612,424.69
2021-04-01,Arunachal Pradesh,0,-297.02
2021-04-01,Assam,1102,1122.90
2021-04-01,Bihar,996,1945.79
2021-04-01,Chandigarh,42,-459.34
2021-04-01,Chhattisgarh,71,144.65
2021-04-01,DNH and DD,1,-184.90
2021-04-01,Delhi,1121,1964.52
2021-04-01,Goa,54,-363.28
2021-04-01,Gujarat,201,69.46
2021-04-01,Haryana,490,266.95
2021-04-01,Himachal Pradesh,10,-130.13
2021-04-01,Jammu and Kashmir,22,6.22
2021-04-01,Jharkhand,166,216.77
2021-04-01,Karnataka,1776,2336.32
2021-04-01,Kerala,639,93.26
2021-04-01,Ladakh,0,-233.42
2021-04-01,Madhya Pradesh,221,717.40
2021-04-01,Maharashtra,683,1605.54
2021-04-01,Manipur,20,-606.06
2021-04-01,Meghalaya,1,-396.23
2021-04-01,Mizoram,0,-249.39
2021-04-01,Nagaland,0,-150.38
2021-04-01,Odisha,239,204.47
2021-04-01,Puducherry,18,-58.60
2021-04-01,Punjab,74,183.35
2021-04-01,Rajasthan,579,1764.12
2021-04-01,Sikkim,0,-514.27
2021-04-01,Tamil Nadu,2009,3107.80
2021-04-01,Tripura,247,-668.79
2021-04-01,Uttar Pradesh,3098,4431.79
2021-04-01,Uttarakhand,230,-620.05
2021-04-01,West Bengal,289,-89.17
2021-05-01,Andaman & Nicobar Island,0,-504.92
2021-05-01,Andhra Pradesh,285,215.17
2021-05-01,Arunachal Pradesh,0,-484.07
2021-05-01,Assam,406,804.86
2021-05-01,Bihar,229,907.63
2021-05-01,Chandigarh,7,-465.22
2021-05-01,Chhattisgarh,18,-252.38
2021-05-01,DNH and DD,0,-312.66
2021-05-01,Delhi,2,1218.65
2021-05-01,Goa,31,-387.15
2021-05-01,Gujarat,212,-143.36
2021-05-01,Haryana,57,178.51
2021-05-01,Himachal Pradesh,5,-372.58
2021-05-01,Jammu and Kashmir,50,-257.51
2021-05-01,Jharkhand,73,-13.35
2021-05-01,Karnataka,143,1841.82
2021-05-01,Kerala,180,38.57
2021-05-01,Ladakh,0,-598.45
2021-05-01,Madhya Pradesh,1,-46.11
2021-05-01,Maharashtra,352,707.78
2021-05-01,Manipur,0,-357.01
2021-05-01,Meghalaya,1,-365.92
2021-05-01,Mizoram,0,-326.94
2021-05-01,Nagaland,0,-277.83
2021-05-01,Odisha,35,33.03
2021-05-01,Puducherry,5,-210.07
2021-05-01,Punjab,77,-61.92
2021-05-01,Rajasthan,67,877.95
2021-05-01,Sikkim,0,-203.23
2021-05-01,Tamil Nadu,314,2333.37
2021-05-01,Tripura,162,-326.06
2021-05-01,Uttar Pradesh,641,3263.08
2021-05-01,Uttarakhand,40,-647.71
2021-05-01,West Bengal,209,-464.80
2021-06-01,Andaman & Nicobar Island,0,12.92
2021-06-01,Andhra Pradesh,562,288.85
2021-06-01,Arunachal Pradesh,0,-86.69
2021-06-01,Assam,373,507.54
2021-06-01,Bihar,749,501.99
2021-06-01,Chandigarh,34,143.62
2021-06-01,Chhattisgarh,228,59.25
2021-06-01,DNH and DD,3,-5.51
2021-06-01,Delhi,943,434.88
2021-06-01,Goa,37,357.85
2021-06-01,Gujarat,316,371.75
2021-06-01,Haryana,353,269.18
2021-06-01,Himachal Pradesh,26,95.28
2021-06-01,Jammu and Kashmir,88,53.21
2021-06-01,Jharkhand,150,83.98
2021-06-01,Karnataka,695,758.33
2021-06-01,Kerala,362,557.63
2021-06-01,Ladakh,0,162.63
2021-06-01,Madhya Pradesh,553,152.41
2021-06-01,Maharashtra,1170,721.92
2021-06-01,Manipur,0,292.70
2021-06-01,Meghalaya,0,147.59
2021-06-01,Mizoram,0,47.95
2021-06-01,Nagaland,0,-16.51
2021-06-01,Odisha,215,57.04
2021-06-01,Puducherry,31,-7.30
2021-06-01,Punjab,138,46.74
2021-06-01,Rajasthan,910,349.77
2021-06-01,Sikkim,0,207.11
2021-06-01,Tamil Nadu,995,1204.38
2021-06-01,Tripura,89,553.79
2021-06-01,Uttar Pradesh,2852,1918.84
2021-06-01,Uttarakhand,237,852.97
2021-06-01,West Bengal,208,781.28
2021-07-01,Andaman & Nicobar Island,8,74.08
2021-07-01,Andhra Pradesh,1063,534.26
2021-07-01,Arunachal Pradesh,0,93.36
2021-07-01,Assam,944,497.90
2021-07-01,Bihar,1825,906.76
2021-07-01,Chandigarh,58,470.64
2021-07-01,Chhattisgarh,388,494.28
2021-07-01,DNH and DD,8,246.70
2021-07-01,Delhi,2409,972.33
2021-07-01,Goa,75,549.77
2021-07-01,Gujarat,473,707.22
2021-07-01,Haryana,423,653.75
2021-07-01,Himachal Pradesh,22,297.35
2021-07-01,Jammu and Kashmir,204,277.62
2021-07-01,Jharkhand,251,304.62
2021-07-01,Karnataka,3871,875.92
2021-07-01,Kerala,682,1241.46
2021-07-01,Ladakh,0,773.91
2021-07-01,Madhya Pradesh,885,1021.36
2021-07-01,Maharashtra,2540,1516.23
2021-07-01,Manipur,15,686.43
2021-07-01,Meghalaya,2,559.80
2021-07-01,Mizoram,0,442.82
2021-07-01,Nagaland,0,341.65
2021-07-01,Odisha,363,441.53
2021-07-01,Puducherry,38,248.04
2021-07-01,Punjab,506,289.80
2021-07-01,Rajasthan,2207,939.11
2021-07-01,Sikkim,0,397.45
2021-07-01,Tamil Nadu,3081,1377.00
2021-07-01,Tripura,99,884.51
2021-07-01,Uttar Pradesh,4784,3168.24
2021-07-01,Uttarakhand,348,1139.51
2021-07-01,West Bengal,574,1065.51
2021-08-01,Andaman & Nicobar Island,1,-18.40
2021-08-01,Andhra Pradesh,869,880.30
2021-08-01,Arunachal Pradesh,0,-140.51
2021-08-01,Assam,1031,703.36
2021-08-01,Bihar,1897,1409.29
2021-08-01,Chandigarh,58,-53.79
2021-08-01,Chhattisgarh,384,314.64
2021-08-01,DNH and DD,2,17.58
2021-08-01,Delhi,2608,1952.99
2021-08-01,Goa,41,29.68
2021-08-01,Gujarat,760,471.03
2021-08-01,Haryana,862,540.55
2021-08-01,Himachal Pradesh,33,272.65
2021-08-01,Jammu and Kashmir,122,398.76
2021-08-01,Jharkhand,290,395.63
2021-08-01,Karnataka,3659,3041.91
2021-08-01,Kerala,883,477.35
2021-08-01,Ladakh,0,32.77
2021-08-01,Madhya Pradesh,964,903.93
2021-08-01,Maharashtra,2837,2238.33
2021-08-01,Manipur,38,149.97
2021-08-01,Meghalaya,0,212.40
2021-08-01,Mizoram,0,241.50
2021-08-01,Nagaland,0,247.96
2021-08-01,Odisha,515,547.83
2021-08-01,Puducherry,35,261.92
2021-08-01,Punjab,464,599.96
2021-08-01,Rajasthan,2051,1911.56
2021-08-01,Sikkim,0,17.67
2021-08-01,Tamil Nadu,3161,2515.71
2021-08-01,Tripura,184,126.04
2021-08-01,Uttar Pradesh,5684,4236.58
2021-08-01,Uttarakhand,527,496.00
2021-08-01,West Bengal,858,768.77
2021-09-01,Andaman & Nicobar Island,0,206.24
2021-09-01,Andhra Pradesh,906,1036.45
2021-09-01,Arunachal Pradesh,0,69.38
2021-09-01,Assam,1512,999.63
2021-09-01,Bihar,2343,1872.53
2021-09-01,Chandigarh,72,121.72
2021-09-01,Chhattisgarh,431,427.33
2021-09-01,DNH and DD,1,51.39
2021-09-01,Delhi,2880,2468.85
2021-09-01,Goa,121,15.05
2021-09-01,Gujarat,1168,675.43
2021-09-01,Haryana,1265,813.13
2021-09-01,Himachal Pradesh,35,185.64
2021-09-01,Jammu and Kashmir,158,308.72
2021-09-01,Jharkhand,407,449.90
2021-09-01,Karnataka,4100,3646.77
2021-09-01,Kerala,1061,857.53
2021-09-01,Ladakh,0,62.22
2021-09-01,Madhya Pradesh,1298,1007.34
2021-09-01,Maharashtra,2559,2776.69
2021-09-01,Manipur,6,7.11
2021-09-01,Meghalaya,0,24.67
2021-09-01,Mizoram,0,71.43
2021-09-01,Nagaland,1,106.70
2021-09-01,Odisha,539,585.72
2021-09-01,Puducherry,53,152.13
2021-09-01,Punjab,724,589.89
2021-09-01,Rajasthan,2953,2159.64
2021-09-01,Sikkim,0,239.96
2021-09-01,Tamil Nadu,3214,3192.96
2021-09-01,Tripura,177,252.17
2021-09-01,Uttar Pradesh,7314,5356.71
2021-09-01,Uttarakhand,644,666.22
2021-09-01,West Bengal,662,974.01
2021-10-01,Andaman & Nicobar Island,1,-45.08
2021-10-01,Andhra Pradesh,1123,920.27
2021-10-01,Arunachal Pradesh,0,68.10
2021-10-01,Assam,1961,1411.35
2021-10-01,Bihar,3173,2277.88
2021-10-01,Chandigarh,108,247.00
2021-10-01,Chhattisgarh,485,571.94
2021-10-01,DNH and DD,2,131.10
2021-10-01,Delhi,3287,2884.14
2021-10-01,Goa,203,178.88
2021-10-01,Gujarat,1671,1095.22
2021-10-01,Haryana,1176,1224.26
2021-10-01,Himachal Pradesh,31,65.74
2021-10-01,Jammu and Kashmir,201,216.50
2021-10-01,Jharkhand,485,462.74
2021-10-01,Karnataka,4156,4063.47
2021-10-01,Kerala,1140,983.97
2021-10-01,Ladakh,6,-17.46
2021-10-01,Madhya Pradesh,1090,1204.03
2021-10-01,Maharashtra,4116,2575.91
2021-10-01,Manipur,12,246.55
2021-10-01,Meghalaya,0,203.41
2021-10-01,Mizoram,0,185.20
2021-10-01,Nagaland,0,176.52
2021-10-01,Odisha,1024,690.65
2021-10-01,Puducherry,32,278.35
2021-10-01,Punjab,549,859.61
2021-10-01,Rajasthan,2909,2826.30
2021-10-01,Sikkim,0,45.27
2021-10-01,Tamil Nadu,2749,3258.25
2021-10-01,Tripura,202,115.22
2021-10-01,Uttar Pradesh,8101,6717.49
2021-10-01,Uttarakhand,642,500.09
2021-10-01,West Bengal,317,642.82
2021-11-01,Andaman & Nicobar Island,0,37.98
2021-11-01,Andhra Pradesh,1265,1102.89
2021-11-01,Arunachal Pradesh,0,41.71
2021-11-01,Assam,2057,1835.02
2021-11-01,Bihar,3075,2868.61
2021-11-01,Chandigarh,144,-69.12
2021-11-01,Chhattisgarh,704,382.92
2021-11-01,DNH and DD,1,3.57
2021-11-01,Delhi,3528,3192.51
2021-11-01,Goa,199,170.88
2021-11-01,Gujarat,1755,1479.86
2021-11-01,Haryana,1482,1118.28
2021-11-01,Himachal Pradesh,61,40.14
2021-11-01,Jammu and Kashmir,64,218.55
2021-11-01,Jharkhand,631,466.01
2021-11-01,Karnataka,3892,4199.40
2021-11-01,Kerala,1302,1035.46
2021-11-01,Ladakh,0,-49.56
2021-11-01,Madhya Pradesh,1686,1102.16
2021-11-01,Maharashtra,4498,3759.98
2021-11-01,Manipur,4,26.70
2021-11-01,Meghalaya,1,44.79
2021-11-01,Mizoram,0,68.92
2021-11-01,Nagaland,0,87.76
2021-11-01,Odisha,953,974.71
2021-11-01,Puducherry,48,88.37
2021-11-01,Punjab,937,679.49
2021-11-01,Rajasthan,3770,3043.54
2021-11-01,Sikkim,0,240.64
2021-11-01,Tamil Nadu,3020,3152.14
2021-11-01,Tripura,270,430.70
2021-11-01,Uttar Pradesh,8600,7978.93
2021-11-01,Uttarakhand,674,689.15
2021-11-01,West Bengal,456,488.68
2021-12-01,Andaman & Nicobar Island,1,84.38
2021-12-01,Andhra Pradesh,1057,1289.79
2021-12-01,Arunachal Pradesh,0,-28.57
2021-12-01,Assam,2812,1990.14
2021-12-01,Bihar,3453,3176.25
2021-12-01,Chandigarh,109,215.69
2021-12-01,Chhattisgarh,753,671.75
2021-12-01,DNH and DD,5,9.27
2021-12-01,Delhi,3792,3476.37
2021-12-01,Goa,177,195.01
2021-12-01,Gujarat,2395,1682.50
2021-12-01,Haryana,1400,1470.19
2021-12-01,Himachal Pradesh,76,48.97
2021-12-01,Jammu and Kashmir,121,111.65
2021-12-01,Jharkhand,652,615.55
2021-12-01,Karnataka,4882,4054.44
2021-12-01,Kerala,1393,1461.65
2021-12-01,Ladakh,0,146.24
2021-12-01,Madhya Pradesh,1760,1641.14
2021-12-01,Maharashtra,6507,4354.03
2021-12-01,Manipur,7,307.61
2021-12-01,Meghalaya,0,259.01
2021-12-01,Mizoram,0,226.21
2021-12-01,Nagaland,0,203.53
2021-12-01,Odisha,1050,1127.71
2021-12-01,Puducherry,83,203.53
2021-12-01,Punjab,699,994.61
2021-12-01,Rajasthan,3867,3619.43
2021-12-01,Sikkim,0,31.72
2021-12-01,Tamil Nadu,3586,3095.75
2021-12-01,Tripura,267,416.92
2021-12-01,Uttar Pradesh,11533,8612.69
2021-12-01,Uttarakhand,862,1146.20
2021-12-01,West Bengal,450,886.10
2022-01-01,Andaman & Nicobar Island,0,13.31
2022-01-01,Andhra Pradesh,1758,804.54
2022-01-01,Arunachal Pradesh,0,3479.03
2022-01-01,Assam,2202,-3211.75
2022-01-01,Bihar,3030,8960.53
2022-01-01,Chandigarh,72,-5017.74
2022-01-01,Chhattisgarh,885,3521.22
2022-01-01,DNH and DD,6,-896.55
2022-01-01,Delhi,3408,3936.29
2022-01-01,Goa,220,-256.64
2022-01-01,Gujarat,2384,2233.37
2022-01-01,Haryana,1293,1483.30
2022-01-01,Himachal Pradesh,26,-56.59
2022-01-01,Jammu and Kashmir,88,37.36
2022-01-01,Jharkhand,592,584.95
2022-01-01,Karnataka,4950,4598.03
2022-01-01,Kerala,1728,1478.48
2022-01-01,Ladakh,6,267.48
2022-01-01,Madhya Pradesh,1538,1799.00
2022-01-01,Maharashtra,5755,5747.93
2022-01-01,Manipur,9,-399.79
2022-01-01,Meghalaya,1,-136.57
2022-01-01,Mizoram,0,-38.60
2022-01-01,Nagaland,0,-1.82
2022-01-01,Odisha,1470,1041.15
2022-01-01,Puducherry,96,303.33
2022-01-01,Punjab,763,885.16
2022-01-01,Rajasthan,3475,3896.33
2022-01-01,Sikkim,0,-173.18
2022-01-01,Tamil Nadu,4470,3366.54
2022-01-01,Tripura,251,656.52
2022-01-01,Uttar Pradesh,9829,10894.17
2022-01-01,Uttarakhand,660,227.51
2022-01-01,West Bengal,511,88.12
2022-02-01,Andaman & Nicobar Island,0,724.17
2022-02-01,Andhra Pradesh,2382,2103.40
2022-02-01,Arunachal Pradesh,0,-1441.12
2022-02-01,Assam,2576,7037.38
2022-02-01,Bihar,2769,-1310.71
2022-02-01,Chandigarh,102,4098.37
2022-02-01,Chhattisgarh,876,-1976.70
2022-02-01,DNH and DD,6,787.08
2022-02-01,Delhi,4547,3286.12
2022-02-01,Goa,329,827.04
2022-02-01,Gujarat,2837,2439.57
2022-02-01,Haryana,1259,1457.78
2022-02-01,Himachal Pradesh,63,176.61
2022-02-01,Jammu and Kashmir,164,148.61
2022-02-01,Jharkhand,628,652.64
2022-02-01,Karnataka,6179,4950.09
2022-02-01,Kerala,2184,1915.29
2022-02-01,Ladakh,0,261.62
2022-02-01,Madhya Pradesh,1605,1910.93
2022-02-01,Maharashtra,8202,6152.78
2022-02-01,Manipur,12,919.11
2022-02-01,Meghalaya,2,435.71
2022-02-01,Mizoram,0,242.79
2022-02-01,Nagaland,0,157.90
2022-02-01,Odisha,1381,1461.74
2022-02-01,Puducherry,121,21.64
2022-02-01,Punjab,661,826.82
2022-02-01,Rajasthan,3993,3685.75
2022-02-01,Sikkim,0,272.59
2022-02-01,Tamil Nadu,4860,4332.24
2022-02-01,Tripura,254,200.66
2022-02-01,Uttar Pradesh,8595,10335.41
2022-02-01,Uttarakhand,728,456.84
2022-02-01,West Bengal,741,209.37
2022-03-01,Andaman & Nicobar Island,2,362.71
2022-03-01,Andhra Pradesh,3315,2673.27
2022-03-01,Arunachal Pradesh,0,-16.25
2022-03-01,Assam,3459,3849.49
2022-03-01,Bihar,4735,3185.55
2022-03-01,Chandigarh,174,1807.40
2022-03-01,Chhattisgarh,1304,1567.72
2022-03-01,DNH and DD,7,517.33
2022-03-01,Delhi,5996,4614.43
2022-03-01,Goa,329,846.02
2022-03-01,Gujarat,4878,3129.97
2022-03-01,Haryana,1785,2145.33
2022-03-01,Himachal Pradesh,65,866.00
2022-03-01,Jammu and Kashmir,272,709.64
2022-03-01,Jharkhand,954,1045.81
2022-03-01,Karnataka,7884,6240.29
2022-03-01,Kerala,3372,2550.35
2022-03-01,Ladakh,0,659.68
2022-03-01,Madhya Pradesh,2498,2201.96
2022-03-01,Maharashtra,12214,8318.66
2022-03-01,Manipur,6,1420.65
2022-03-01,Meghalaya,3,1155.08
2022-03-01,Mizoram,0,900.53
2022-03-01,Nagaland,0,692.07
2022-03-01,Odisha,2607,1918.75
2022-03-01,Puducherry,186,812.69
2022-03-01,Punjab,1080,1231.13
2022-03-01,Rajasthan,4609,4464.55
2022-03-01,Sikkim,0,545.49
2022-03-01,Tamil Nadu,8164,5144.74
2022-03-01,Tripura,367,1296.79
2022-03-01,Uttar Pradesh,10995,10058.94
2022-03-01,Uttarakhand,1037,2226.68
2022-03-01,West Bengal,783,1745.24
2022-04-01,Andaman & Nicobar Island,1,-662.47
2022-04-01,Andhra Pradesh,2891,2733.33
2022-04-01,Arunachal Pradesh,0,-603.65
2022-04-01,Assam,3187,3231.13
2022-04-01,Bihar,2808,4019.51
2022-04-01,Chandigarh,124,-511.56
2022-04-01,Chhattisgarh,1776,976.46
2022-04-01,DNH and DD,8,93.11
2022-04-01,Delhi,3965,5692.61
2022-04-01,Goa,424,-439.95
2022-04-01,Gujarat,6970,3874.75
2022-04-01,Haryana,1979,1790.87
2022-04-01,Himachal Pradesh,107,370.28
2022-04-01,Jammu and Kashmir,200,646.37
2022-04-01,Jharkhand,821,1234.41
2022-04-01,Karnataka,9459,7594.31
2022-04-01,Kerala,3384,3310.84
2022-04-01,Ladakh,0,125.10
2022-04-01,Madhya Pradesh,2023,2531.47
2022-04-01,Maharashtra,8197,10962.75
2022-04-01,Manipur,3,-1628.16
2022-04-01,Meghalaya,7,-829.54
2022-04-01,Mizoram,0,-335.28
2022-04-01,Nagaland,2,-42.12
2022-04-01,Odisha,2448,2364.81
2022-04-01,Puducherry,86,149.15
2022-04-01,Punjab,1218,1081.19
2022-04-01,Rajasthan,5131,4638.26
2022-04-01,Sikkim,0,283.03
2022-04-01,Tamil Nadu,5844,7468.47
2022-04-01,Tripura,339,-392.84
2022-04-01,Uttar Pradesh,11814,10206.26
2022-04-01,Uttarakhand,1395,965.04
2022-04-01,West Bengal,911,1064.35
2022-05-01,Andaman & Nicobar Island,0,-632.75
2022-05-01,Andhra Pradesh,1742,2437.15
2022-05-01,Arunachal Pradesh,0,-904.30
2022-05-01,Assam,3277,2618.97
2022-05-01,Bihar,3308,2835.46
2022-05-01,Chandigarh,166,58.88
2022-05-01,Chhattisgarh,1197,1507.07
2022-05-01,DNH and DD,18,-340.55
2022-05-01,Delhi,3513,4333.84
2022-05-01,Goa,506,205.11
2022-05-01,Gujarat,4670,5928.31
2022-05-01,Haryana,2277,517.32
2022-05-01,Himachal Pradesh,77,-780.28
2022-05-01,Jammu and Kashmir,245,-301.22
2022-05-01,Jharkhand,781,604.81
2022-05-01,Karnataka,6474,8779.40
2022-05-01,Kerala,2819,2041.25
2022-05-01,Ladakh,0,-1127.48
2022-05-01,Madhya Pradesh,2303,1392.53
2022-05-01,Maharashtra,10172,8763.30
2022-05-01,Manipur,4,184.18
2022-05-01,Meghalaya,3,-52.19
2022-05-01,Mizoram,1,-110.23
2022-05-01,Nagaland,1,-74.38
2022-05-01,Odisha,1902,2397.61
2022-05-01,Puducherry,69,-93.75
2022-05-01,Punjab,1030,1048.62
2022-05-01,Rajasthan,5498,4854.38
2022-05-01,Sikkim,0,-55.86
2022-05-01,Tamil Nadu,3932,6382.86
2022-05-01,Tripura,299,-132.97
2022-05-01,Uttar Pradesh,11718,11116.53
2022-05-01,Uttarakhand,1105,692.15
2022-05-01,West Bengal,809,385.20
2022-06-01,Andaman & Nicobar Island,0,645.47
2022-06-01,Andhra Pradesh,1852,2437.15
2022-06-01,Arunachal Pradesh,0,198.60
2022-06-01,Assam,3099,3251.43
2022-06-01,Bihar,3898,3094.26
2022-06-01,Chandigarh,223,123.67
2022-06-01,Chhattisgarh,1508,1299.13
2022-06-01,DNH and DD,10,42.49
2022-06-01,Delhi,4462,3845.65
2022-06-01,Goa,441,851.64
2022-06-01,Gujarat,5766,5367.89
2022-06-01,Haryana,2196,2436.99
2022-06-01,Himachal Pradesh,107,-63.21
2022-06-01,Jammu and Kashmir,308,12.85
2022-06-01,Jharkhand,928,602.60
2022-06-01,Karnataka,7542,7204.06
2022-06-01,Kerala,3142,3224.02
2022-06-01,Ladakh,14,51.30
2022-06-01,Madhya Pradesh,2541,2113.59
2022-06-01,Maharashtra,9546,9779.65
2022-06-01,Manipur,13,-423.33
2022-06-01,Meghalaya,3,-342.02
2022-06-01,Mizoram,2,-288.94
2022-06-01,Nagaland,0,-232.55
2022-06-01,Odisha,1904,1914.74
2022-06-01,Puducherry,95,-26.22
2022-06-01,Punjab,977,991.05
2022-06-01,Rajasthan,5609,5298.91
2022-06-01,Sikkim,0,-158.40
2022-06-01,Tamil Nadu,4592,4656.22
2022-06-01,Tripura,314,624.84
2022-06-01,Uttar Pradesh,12456,11946.52
2022-06-01,Uttarakhand,1408,1240.45
2022-06-01,West Bengal,896,877.69
2022-07-01,Andaman & Nicobar Island,0,990.46
2022-07-01,Andhra Pradesh,2032,2744.48
2022-07-01,Arunachal Pradesh,1,711.39
2022-07-01,Assam,3167,3682.23
2022-07-01,Bihar,3982,4076.72
2022-07-01,Chandigarh,234,326.19
2022-07-01,Chhattisgarh,1828,1536.08
2022-07-01,DNH and DD,9,120.40
2022-07-01,Delhi,5597,4391.83
2022-07-01,Goa,689,811.08
2022-07-01,Gujarat,6054,6014.69
2022-07-01,Haryana,2041,2510.85
2022-07-01,Himachal Pradesh,98,206.42
2022-07-01,Jammu and Kashmir,647,295.65
2022-07-01,Jharkhand,1332,925.42
2022-07-01,Karnataka,6313,7628.31
2022-07-01,Kerala,2493,2892.82
2022-07-01,Ladakh,1,-364.19
2022-07-01,Madhya Pradesh,2871,2144.80
2022-07-01,Maharashtra,10008,9513.89
2022-07-01,Manipur,26,-164.77
2022-07-01,Meghalaya,5,-206.92
2022-07-01,Mizoram,1,-223.69
2022-07-01,Nagaland,0,-223.42
2022-07-01,Odisha,2040,1778.11
2022-07-01,Puducherry,76,-27.23
2022-07-01,Punjab,1115,902.26
2022-07-01,Rajasthan,6699,5534.68
2022-07-01,Sikkim,0,103.66
2022-07-01,Tamil Nadu,4630,4759.22
2022-07-01,Tripura,246,497.92
2022-07-01,Uttar Pradesh,14378,12527.15
2022-07-01,Uttarakhand,1403,1755.82
2022-07-01,West Bengal,871,1170.31
2022-08-01,Andaman & Nicobar Island,0,322.40
2022-08-01,Andhra Pradesh,2032,2485.73
2022-08-01,Arunachal Pradesh,0,508.88
2022-08-01,Assam,3487,3706.59
2022-08-01,Bihar,5479,4478.59
2022-08-01,Chandigarh,240,989.16
2022-08-01,Chhattisgarh,1860,2295.50
2022-08-01,DNH and DD,14,386.67
2022-08-01,Delhi,4591,5541.21
2022-08-01,Goa,354,429.67
2022-08-01,Gujarat,5566,5815.61
2022-08-01,Haryana,2391,1848.43
2022-08-01,Himachal Pradesh,65,31.42
2022-08-01,Jammu and Kashmir,517,475.74
2022-08-01,Jharkhand,1264,1071.20
2022-08-01,Karnataka,8228,6606.95
2022-08-01,Kerala,3617,3181.81
2022-08-01,Ladakh,9,627.92
2022-08-01,Madhya Pradesh,3064,3162.63
2022-08-01,Maharashtra,11368,10248.61
2022-08-01,Manipur,32,399.39
2022-08-01,Meghalaya,2,237.59
2022-08-01,Mizoram,6,123.10
2022-08-01,Nagaland,0,41.92
2022-08-01,Odisha,2216,2029.74
2022-08-01,Puducherry,99,78.63
2022-08-01,Punjab,1064,1073.08
2022-08-01,Rajasthan,6583,6360.76
2022-08-01,Sikkim,0,-218.41
2022-08-01,Tamil Nadu,5844,4543.32
2022-08-01,Tripura,285,465.16
2022-08-01,Uttar Pradesh,16428,14090.40
2022-08-01,Uttarakhand,1385,1777.93
2022-08-01,West Bengal,922,1215.49
2022-09-01,Andaman & Nicobar Island,0,109.30
2022-09-01,Andhra Pradesh,2389,2267.23
2022-09-01,Arunachal Pradesh,0,394.37
2022-09-01,Assam,4302,3858.48
2022-09-01,Bihar,7064,5660.37
2022-09-01,Chandigarh,232,1031.41
2022-09-01,Chhattisgarh,1767,2555.38
2022-09-01,DNH and DD,15,575.84
2022-09-01,Delhi,4814,5337.75
2022-09-01,Goa,447,887.28
2022-09-01,Gujarat,5773,6115.28
2022-09-01,Haryana,2253,2627.26
2022-09-01,Himachal Pradesh,73,205.89
2022-09-01,Jammu and Kashmir,597,618.39
2022-09-01,Jharkhand,1202,1308.84
2022-09-01,Karnataka,8586,7812.96
2022-09-01,Kerala,3722,3321.86
2022-09-01,Ladakh,0,-8.49
2022-09-01,Madhya Pradesh,3574,3078.03
2022-09-01,Maharashtra,12288,11218.80
2022-09-01,Manipur,15,223.47
2022-09-01,Meghalaya,5,189.18
2022-09-01,Mizoram,4,167.88
2022-09-01,Nagaland,0,127.44
2022-09-01,Odisha,2434,2274.38
2022-09-01,Puducherry,120,181.43
2022-09-01,Punjab,1228,1148.05
2022-09-01,Rajasthan,7136,6670.66
2022-09-01,Sikkim,0,70.75
2022-09-01,Tamil Nadu,5510,5564.98
2022-09-01,Tripura,457,126.70
2022-09-01,Uttar Pradesh,16545,15741.29
2022-09-01,Uttarakhand,1321,1082.88
2022-09-01,West Bengal,1030,718.72
2022-10-01,Andaman & Nicobar Island,0,-218.55
2022-10-01,Andhra Pradesh,2721,2214.28
2022-10-01,Arunachal Pradesh,0,73.13
2022-10-01,Assam,3398,4239.89
2022-10-01,Bihar,6191,6373.53
2022-10-01,Chandigarh,351,-248.30
2022-10-01,Chhattisgarh,3211,1674.16
2022-10-01,DNH and DD,9,442.53
2022-10-01,Delhi,8154,5312.83
2022-10-01,Goa,746,1734.85
2022-10-01,Gujarat,6934,6942.14
2022-10-01,Haryana,2747,3476.58
2022-10-01,Himachal Pradesh,82,1105.49
2022-10-01,Jammu and Kashmir,580,1377.15
2022-10-01,Jharkhand,1662,1824.40
2022-10-01,Karnataka,10793,8986.60
2022-10-01,Kerala,4300,4433.68
2022-10-01,Ladakh,0,668.33
2022-10-01,Madhya Pradesh,4842,3962.02
2022-10-01,Maharashtra,17896,12667.00
2022-10-01,Manipur,64,1628.50
2022-10-01,Meghalaya,7,1296.68
2022-10-01,Mizoram,3,1035.67
2022-10-01,Nagaland,0,822.54
2022-10-01,Odisha,3979,3032.85
2022-10-01,Puducherry,184,935.01
2022-10-01,Punjab,1385,1857.70
2022-10-01,Rajasthan,11797,7580.53
2022-10-01,Sikkim,0,1345.97
2022-10-01,Tamil Nadu,5854,6631.48
2022-10-01,Tripura,364,1246.47
2022-10-01,Uttar Pradesh,16860,17089.24
2022-10-01,Uttarakhand,1666,1669.49
2022-10-01,West Bengal,706,1300.23
2022-11-01,Andaman & Nicobar Island,7,20.75
2022-11-01,Andhra Pradesh,2941,2611.84
2022-11-01,Arunachal Pradesh,0,-0.25
2022-11-01,Assam,4416,3698.20
2022-11-01,Bihar,6111,6725.60
2022-11-01,Chandigarh,416,461.30
2022-11-01,Chhattisgarh,3526,2878.94
2022-11-01,DNH and DD,17,42.36
2022-11-01,Delhi,6154,7325.59
2022-11-01,Goa,632,49.55
2022-11-01,Gujarat,8809,6384.74
2022-11-01,Haryana,3054,2991.19
2022-11-01,Himachal Pradesh,137,589.78
2022-11-01,Jammu and Kashmir,533,1160.75
2022-11-01,Jharkhand,1823,2091.80
2022-11-01,Karnataka,10961,10656.87
2022-11-01,Kerala,4270,4360.07
2022-11-01,Ladakh,8,185.02
2022-11-01,Madhya Pradesh,5321,4708.83
2022-11-01,Maharashtra,15533,16435.73
2022-11-01,Manipur,50,-804.90
2022-11-01,Meghalaya,3,-396.57
2022-11-01,Mizoram,8,-99.47
2022-11-01,Nagaland,0,86.85
2022-11-01,Odisha,3318,3703.28
2022-11-01,Puducherry,162,106.60
2022-11-01,Punjab,1953,1423.12
2022-11-01,Rajasthan,10288,10653.07
2022-11-01,Sikkim,0,-462.95
2022-11-01,Tamil Nadu,7724,5654.59
2022-11-01,Tripura,403,741.29
2022-11-01,Uttar Pradesh,19531,17307.04
2022-11-01,Uttarakhand,1883,2392.18
2022-11-01,West Bengal,1578,1506.51
2022-12-01,Andaman & Nicobar Island,13,470.13
2022-12-01,Andhra Pradesh,2951,3200.03
2022-12-01,Arunachal Pradesh,1,177.52
2022-12-01,Assam,4150,4359.25
2022-12-01,Bihar,6377,6249.90
2022-12-01,Chandigarh,385,512.84
2022-12-01,Chhattisgarh,2625,3410.37
2022-12-01,DNH and DD,21,-284.86
2022-12-01,Delhi,7064,6363.40
2022-12-01,Goa,569,698.24
2022-12-01,Gujarat,8356,8187.61
2022-12-01,Haryana,2584,2574.04
2022-12-01,Himachal Pradesh,108,-217.16
2022-12-01,Jammu and Kashmir,539,428.64
2022-12-01,Jharkhand,1694,1794.61
2022-12-01,Karnataka,8565,10878.65
2022-12-01,Kerala,4640,3637.60
2022-12-01,Ladakh,2,-386.53
2022-12-01,Madhya Pradesh,4617,4861.39
2022-12-01,Maharashtra,14857,15462.09
2022-12-01,Manipur,107,-663.12
2022-12-01,Meghalaya,1,-583.48
2022-12-01,Mizoram,11,-442.90
2022-12-01,Nagaland,0,-311.32
2022-12-01,Odisha,2745,3222.35
2022-12-01,Puducherry,187,-122.52
2022-12-01,Punjab,1580,1588.95
2022-12-01,Rajasthan,7422,10176.60
2022-12-01,Sikkim,0,-975.71
2022-12-01,Tamil Nadu,5531,6418.51
2022-12-01,Tripura,599,-815.89
2022-12-01,Uttar Pradesh,13708,18042.63
2022-12-01,Uttarakhand,1570,-237.59
2022-12-01,West Bengal,1384,-254.96
2023-01-01,Andaman & Nicobar Island,0,-832.73
2023-01-01,Andhra Pradesh,2929,8797.13
2023-01-01,Arunachal Pradesh,0,-13445.71
2023-01-01,Assam,3492,26506.76
2023-01-01,Bihar,5022,-20690.33
2023-01-01,Chandigarh,459,19904.24
2023-01-01,Chhattisgarh,2645,-8238.66
2023-01-01,DNH and DD,11,4208.73
2023-01-01,Delhi,5576,5774.76
2023-01-01,Goa,710,-885.19
2023-01-01,Gujarat,6387,8583.94
2023-01-01,Haryana,2220,631.56
2023-01-01,Himachal Pradesh,86,-499.30
2023-01-01,Jammu and Kashmir,357,408.51
2023-01-01,Jharkhand,1288,1545.65
2023-01-01,Karnataka,11016,8991.32
2023-01-01,Kerala,5223,6071.08
2023-01-01,Ladakh,1,744.14
2023-01-01,Madhya Pradesh,4097,4963.41
2023-01-01,Maharashtra,15450,14894.21
2023-01-01,Manipur,86,123.50
2023-01-01,Meghalaya,7,-141.62
2023-01-01,Mizoram,10,-150.93
2023-01-01,Nagaland,0,-142.82
2023-01-01,Odisha,2822,2872.62
2023-01-01,Puducherry,203,111.93
2023-01-01,Punjab,1288,1578.44
2023-01-01,Rajasthan,6419,8187.94
2023-01-01,Sikkim,0,-813.42
2023-01-01,Tamil Nadu,5829,5559.23
2023-01-01,Tripura,346,170.98
2023-01-01,Uttar Pradesh,16797,15020.36
2023-01-01,Uttarakhand,1096,2569.55
2023-01-01,West Bengal,967,1372.22
2023-02-01,Andaman & Nicobar Island,0,-132.06
2023-02-01,Andhra Pradesh,3274,-357.37
2023-02-01,Arunachal Pradesh,0,8999.52
2023-02-01,Assam,4213,-12799.48
2023-02-01,Bihar,5864,27493.14
2023-02-01,Chandigarh,407,-17096.89
2023-02-01,Chhattisgarh,2629,12924.14
2023-02-01,DNH and DD,19,-4340.90
2023-02-01,Delhi,5268,7136.91
2023-02-01,Goa,719,1022.97
2023-02-01,Gujarat,7158,6182.99
2023-02-01,Haryana,2319,3300.85
2023-02-01,Himachal Pradesh,89,-400.41
2023-02-01,Jammu and Kashmir,510,-201.67
2023-02-01,Jharkhand,1605,1159.94
2023-02-01,Karnataka,11250,10643.77
2023-02-01,Kerala,6477,4422.35
2023-02-01,Ladakh,0,533.24
2023-02-01,Madhya Pradesh,3862,5035.49
2023-02-01,Maharashtra,13826,16150.05
2023-02-01,Manipur,96,-459.68
2023-02-01,Meghalaya,2,-348.87
2023-02-01,Mizoram,9,-292.93
2023-02-01,Nagaland,0,-265.22
2023-02-01,Odisha,2869,2673.93
2023-02-01,Puducherry,187,90.97
2023-02-01,Punjab,1250,1302.72
2023-02-01,Rajasthan,6784,7092.43
2023-02-01,Sikkim,0,581.94
2023-02-01,Tamil Nadu,7206,6028.79
2023-02-01,Tripura,306,796.03
2023-02-01,Uttar Pradesh,16500,16639.10
2023-02-01,Uttarakhand,1145,921.66
2023-02-01,West Bengal,1335,1216.37
2023-03-01,Andaman & Nicobar Island,2,825.41
2023-03-01,Andhra Pradesh,3876,2634.76
2023-03-01,Arunachal Pradesh,0,2039.95
2023-03-01,Assam,5102,1602.50
2023-03-01,Bihar,6502,8772.85
2023-03-01,Chandigarh,668,114.23
2023-03-01,Chhattisgarh,3136,3318.67
2023-03-01,DNH and DD,10,645.01
2023-03-01,Delhi,7970,5739.47
2023-03-01,Goa,954,2272.98
2023-03-01,Gujarat,8672,8026.19
2023-03-01,Haryana,2650,3567.29
2023-03-01,Himachal Pradesh,101,944.71
2023-03-01,Jammu and Kashmir,609,803.70
2023-03-01,Jharkhand,1673,1634.91
2023-03-01,Karnataka,14896,11148.32
2023-03-01,Kerala,8230,6881.14
2023-03-01,Ladakh,0,788.27
2023-03-01,Madhya Pradesh,6165,4851.23
2023-03-01,Maharashtra,19508,16156.27
2023-03-01,Manipur,45,3357.72
2023-03-01,Meghalaya,4,2041.47
2023-03-01,Mizoram,10,1277.37
2023-03-01,Nagaland,0,764.84
2023-03-01,Odisha,3655,3344.26
2023-03-01,Puducherry,270,697.18
2023-03-01,Punjab,1933,1650.38
2023-03-01,Rajasthan,8962,7422.20
2023-03-01,Sikkim,0,1241.17
2023-03-01,Tamil Nadu,9347,7778.64
2023-03-01,Tripura,431,1407.89
2023-03-01,Uttar Pradesh,22209,17510.74
2023-03-01,Uttarakhand,1387,3335.13
2023-03-01,West Bengal,1846,2906.84
2023-04-01,Andaman & Nicobar Island,1,355.39
2023-04-01,Andhra Pradesh,3895,3802.95
2023-04-01,Arunachal Pradesh,1,493.68
2023-04-01,Assam,4002,4484.26
2023-04-01,Bihar,5227,6256.99
2023-04-01,Chandigarh,352,-28.70
2023-04-01,Chhattisgarh,2412,2621.95
2023-04-01,DNH and DD,8,-388.26
2023-04-01,Delhi,5187,7092.79
2023-04-01,Goa,756,-272.56
2023-04-01,Gujarat,9137,7692.75
2023-04-01,Haryana,2645,2351.81
2023-04-01,Himachal Pradesh,112,171.29
2023-04-01,Jammu and Kashmir,565,751.35
2023-04-01,Jharkhand,1583,1759.86
2023-04-01,Karnataka,10942,13852.26
2023-04-01,Kerala,5620,5732.36
2023-04-01,Ladakh,0,-2382.51
2023-04-01,Madhya Pradesh,3419,4176.23
2023-04-01,Maharashtra,14594,16334.32
2023-04-01,Manipur,69,-2787.90
2023-04-01,Meghalaya,5,-1305.39
2023-04-01,Mizoram,8,-498.96
2023-04-01,Nagaland,1,-114.15
2023-04-01,Odisha,3196,3507.60
2023-04-01,Puducherry,164,133.21
2023-04-01,Punjab,1187,1736.38
2023-04-01,Rajasthan,5720,8184.80
2023-04-01,Sikkim,0,-1140.13
2023-04-01,Tamil Nadu,7428,8098.01
2023-04-01,Tripura,432,-744.96
2023-04-01,Uttar Pradesh,19710,20043.46
2023-04-01,Uttarakhand,1322,-335.16
2023-04-01,West Bengal,1533,881.13
2023-05-01,Andaman & Nicobar Island,0,-699.78
2023-05-01,Andhra Pradesh,4674,3441.01
2023-05-01,Arunachal Pradesh,1,68.89
2023-05-01,Assam,5813,4248.36
2023-05-01,Bihar,6669,6319.18
2023-05-01,Chandigarh,530,1408.95
2023-05-01,Chhattisgarh,3563,3269.10
2023-05-01,DNH and DD,12,811.57
2023-05-01,Delhi,7628,6386.38
2023-05-01,Goa,979,1984.60
2023-05-01,Gujarat,10568,9663.86
2023-05-01,Haryana,3076,3289.79
2023-05-01,Himachal Pradesh,156,688.58
2023-05-01,Jammu and Kashmir,899,1045.45
2023-05-01,Jharkhand,1592,2083.88
2023-05-01,Karnataka,18806,12298.99
2023-05-01,Kerala,8637,8834.04
2023-05-01,Ladakh,14,2383.79
2023-05-01,Madhya Pradesh,6328,5376.21
2023-05-01,Maharashtra,22799,17452.87
2023-05-01,Manipur,24,3374.35
2023-05-01,Meghalaya,10,1998.55
2023-05-01,Mizoram,14,1308.62
2023-05-01,Nagaland,0,914.98
2023-05-01,Odisha,4247,3984.97
2023-05-01,Puducherry,400,979.36
2023-05-01,Punjab,2749,2027.09
2023-05-01,Rajasthan,9695,7556.99
2023-05-01,Sikkim,0,1914.71
2023-05-01,Tamil Nadu,11463,9142.42
2023-05-01,Tripura,589,2300.61
2023-05-01,Uttar Pradesh,22202,21437.61
2023-05-01,Uttarakhand,1681,2547.89
2023-05-01,West Bengal,2313,2396.03
2023-06-01,Andaman & Nicobar Island,1,101.73
2023-06-01,Andhra Pradesh,1168,4386.39
2023-06-01,Arunachal Pradesh,0,-1305.43
2023-06-01,Assam,5101,4464.39
2023-06-01,Bihar,6138,5410.65
2023-06-01,Chandigarh,453,-277.58
2023-06-01,Chhattisgarh,2295,2907.38
2023-06-01,DNH and DD,6,-597.85
2023-06-01,Delhi,4899,6863.06
2023-06-01,Goa,611,-83.78
2023-06-01,Gujarat,4982,9492.09
2023-06-01,Haryana,2461,718.68
2023-06-01,Himachal Pradesh,80,-1553.63
2023-06-01,Jammu and Kashmir,839,-297.08
2023-06-01,Jharkhand,1541,879.83
2023-06-01,Karnataka,9313,16352.30
2023-06-01,Kerala,5146,4365.10
2023-06-01,Ladakh,3,-3396.38
2023-06-01,Madhya Pradesh,4333,3585.47
2023-06-01,Maharashtra,10713,18740.44
2023-06-01,Manipur,4,-5157.35
2023-06-01,Meghalaya,7,-3250.69
2023-06-01,Mizoram,4,-2026.52
2023-06-01,Nagaland,0,-1253.39
2023-06-01,Odisha,2641,3244.91
2023-06-01,Puducherry,153,-605.16
2023-06-01,Punjab,2116,1720.98
2023-06-01,Rajasthan,6226,8185.93
2023-06-01,Sikkim,0,-1383.97
2023-06-01,Tamil Nadu,6166,9704.62
2023-06-01,Tripura,505,-1497.84
2023-06-01,Uttar Pradesh,21334,20475.88
2023-06-01,Uttarakhand,1477,319.03
2023-06-01,West Bengal,1327,1228.60
2023-07-01,Andaman & Nicobar Island,3,281.75
2023-07-01,Andhra Pradesh,1558,2391.37
2023-07-01,Arunachal Pradesh,2,524.64
2023-07-01,Assam,5324,5321.67
2023-07-01,Bihar,7607,6144.59
2023-07-01,Chandigarh,463,621.31
2023-07-01,Chhattisgarh,2738,2638.08
2023-07-01,DNH and DD,9,156.37
2023-07-01,Delhi,4890,5680.76
2023-07-01,Goa,648,865.90
2023-07-01,Gujarat,6298,6654.50
2023-07-01,Haryana,2180,3334.35
2023-07-01,Himachal Pradesh,74,144.74
2023-07-01,Jammu and Kashmir,881,582.44
2023-07-01,Jharkhand,1913,1201.96
2023-07-01,Karnataka,11489,11481.79
2023-07-01,Kerala,5097,6768.26
2023-07-01,Ladakh,1,139.58
2023-07-01,Madhya Pradesh,5381,4315.43
2023-07-01,Maharashtra,12135,13600.92
2023-07-01,Manipur,12,420.67
2023-07-01,Meghalaya,23,-475.96
2023-07-01,Mizoram,6,-833.24
2023-07-01,Nagaland,2,-912.87
2023-07-01,Odisha,3361,2243.11
2023-07-01,Puducherry,210,-237.88
2023-07-01,Punjab,1971,1761.05
2023-07-01,Rajasthan,7107,6600.66
2023-07-01,Sikkim,0,-100.83
2023-07-01,Tamil Nadu,7249,7342.49
2023-07-01,Tripura,606,760.11
2023-07-01,Uttar Pradesh,23779,21572.83
2023-07-01,Uttarakhand,1424,1782.36
2023-07-01,West Bengal,1315,1588.36
2023-08-01,Andaman & Nicobar Island,3,350.67
2023-08-01,Andhra Pradesh,1957,2074.23
2023-08-01,Arunachal Pradesh,4,622.31
2023-08-01,Assam,5595,5794.85
2023-08-01,Bihar,7805,7574.73
2023-08-01,Chandigarh,520,523.28
2023-08-01,Chhattisgarh,3264,2780.08
2023-08-01,DNH and DD,10,215.52
2023-08-01,Delhi,4920,5322.84
2023-08-01,Goa,804,978.36
2023-08-01,Gujarat,6630,6729.60
2023-08-01,Haryana,2469,2902.61
2023-08-01,Himachal Pradesh,79,639.69
2023-08-01,Jammu and Kashmir,957,1203.19
2023-08-01,Jharkhand,1655,1964.23
2023-08-01,Karnataka,11315,11561.41
2023-08-01,Kerala,5976,5581.15
2023-08-01,Ladakh,0,511.20
2023-08-01,Madhya Pradesh,7116,5458.17
2023-08-01,Maharashtra,14355,13211.98
2023-08-01,Manipur,22,1338.14
2023-08-01,Meghalaya,22,829.22
2023-08-01,Mizoram,4,367.05
2023-08-01,Nagaland,0,29.13
2023-08-01,Odisha,3318,3107.81
2023-08-01,Puducherry,229,-82.48
2023-08-01,Punjab,2409,1725.52
2023-08-01,Rajasthan,7755,6924.91
2023-08-01,Sikkim,0,-33.24
2023-08-01,Tamil Nadu,7397,7317.72
2023-08-01,Tripura,662,683.59
2023-08-01,Uttar Pradesh,26325,23326.54
2023-08-01,Uttarakhand,1477,1782.26
2023-08-01,West Bengal,1454,1659.73
2023-09-01,Andaman & Nicobar Island,1,-89.35
2023-09-01,Andhra Pradesh,1541,1936.79
2023-09-01,Arunachal Pradesh,4,47.69
2023-09-01,Assam,6587,5717.61
2023-09-01,Bihar,9386,8112.81
2023-09-01,Chandigarh,576,1136.57
2023-09-01,Chhattisgarh,3273,3590.96
2023-09-01,DNH and DD,20,303.77
2023-09-01,Delhi,4825,5293.03
2023-09-01,Goa,629,1056.54
2023-09-01,Gujarat,8177,6835.70
2023-09-01,Haryana,2067,3136.08
2023-09-01,Himachal Pradesh,79,598.40
2023-09-01,Jammu and Kashmir,944,1396.77
2023-09-01,Jharkhand,1916,2065.92
2023-09-01,Karnataka,12005,11822.95
2023-09-01,Kerala,5630,6351.37
2023-09-01,Ladakh,9,315.30
2023-09-01,Madhya Pradesh,6012,6864.64
2023-09-01,Maharashtra,14131,13673.52
2023-09-01,Manipur,2,-172.24
2023-09-01,Meghalaya,14,49.98
2023-09-01,Mizoram,6,88.98
2023-09-01,Nagaland,1,51.17
2023-09-01,Odisha,3610,3314.40
2023-09-01,Puducherry,156,194.24
2023-09-01,Punjab,2600,2182.79
2023-09-01,Rajasthan,7731,7456.61
2023-09-01,Sikkim,0,-244.02
2023-09-01,Tamil Nadu,6250,7246.77
2023-09-01,Tripura,539,235.28
2023-09-01,Uttar Pradesh,26269,25221.50
2023-09-01,Uttarakhand,1249,752.56
2023-09-01,West Bengal,1554,889.14
2023-10-01,Andaman & Nicobar Island,2,131.93
2023-10-01,Andhra Pradesh,1898,1773.23
2023-10-01,Arunachal Pradesh,2,262.66
2023-10-01,Assam,6147,6546.04
2023-10-01,Bihar,9720,8880.44
2023-10-01,Chandigarh,594,457.30
2023-10-01,Chhattisgarh,3378,3293.17
2023-10-01,DNH and DD,17,116.37
2023-10-01,Delhi,6005,5066.90
2023-10-01,Goa,660,1206.52
2023-10-01,Gujarat,9354,8222.48
2023-10-01,Haryana,2715,2764.30
2023-10-01,Himachal Pradesh,62,859.69
2023-10-01,Jammu and Kashmir,1039,1637.65
2023-10-01,Jharkhand,1851,2483.79
2023-10-01,Karnataka,12761,12418.64
2023-10-01,Kerala,6096,6319.04
2023-10-01,Ladakh,0,647.87
2023-10-01,Madhya Pradesh,6139,6786.59
2023-10-01,Maharashtra,18370,14606.65
2023-10-01,Manipur,12,1282.37
2023-10-01,Meghalaya,4,998.36
2023-10-01,Mizoram,36,766.60
2023-10-01,Nagaland,0,591.13
2023-10-01,Odisha,4740,3985.52
2023-10-01,Puducherry,207,718.68
2023-10-01,Punjab,2801,2923.54
2023-10-01,Rajasthan,8181,8006.77
2023-10-01,Sikkim,0,201.29
2023-10-01,Tamil Nadu,7444,6783.05
2023-10-01,Tripura,563,1010.66
2023-10-01,Uttar Pradesh,25148,26522.50
2023-10-01,Uttarakhand,1292,919.95
2023-10-01,West Bengal,1994,1144.53
2023-11-01,Andaman & Nicobar Island,4,793.93
2023-11-01,Andhra Pradesh,2153,2435.30
2023-11-01,Arunachal Pradesh,3,530.37
2023-11-01,Assam,4840,6689.42
2023-11-01,Bihar,8949,9497.84
2023-11-01,Chandigarh,654,142.44
2023-11-01,Chhattisgarh,5317,3066.08
2023-11-01,DNH and DD,18,323.54
2023-11-01,Delhi,6861,5973.30
2023-11-01,Goa,1087,1039.30
2023-11-01,Gujarat,6286,9426.93
2023-11-01,Haryana,2406,1985.53
2023-11-01,Himachal Pradesh,81,-326.90
2023-11-01,Jammu and Kashmir,1141,910.43
2023-11-01,Jharkhand,2349,1954.62
2023-11-01,Karnataka,15575,12901.90
2023-11-01,Kerala,6464,6953.97
2023-11-01,Ladakh,0,867.80
2023-11-01,Madhya Pradesh,7998,7006.93
2023-11-01,Maharashtra,21354,18345.85
2023-11-01,Manipur,13,1237.02
2023-11-01,Meghalaya,11,1154.71
2023-11-01,Mizoram,35,1068.04
2023-11-01,Nagaland,2,914.59
2023-11-01,Odisha,5069,5188.30
2023-11-01,Puducherry,211,799.82
2023-11-01,Punjab,2965,3280.32
2023-11-01,Rajasthan,11349,8560.13
2023-11-01,Sikkim,0,1048.47
2023-11-01,Tamil Nadu,8103,8076.43
2023-11-01,Tripura,770,1342.60
2023-11-01,Uttar Pradesh,26906,26371.34
2023-11-01,Uttarakhand,1656,2227.31
2023-11-01,West Bengal,1980,2565.82
2023-12-01,Andaman & Nicobar Island,9,-1509.77
2023-12-01,Andhra Pradesh,2583,1148.50
2023-12-01,Arunachal Pradesh,4,-459.18
2023-12-01,Assam,4582,5104.76
2023-12-01,Bihar,9297,9202.12
2023-12-01,Chandigarh,657,689.28
2023-12-01,Chhattisgarh,2988,4691.08
2023-12-01,DNH and DD,20,-903.73
2023-12-01,Delhi,9458,5943.39
2023-12-01,Goa,883,1083.49
2023-12-01,Gujarat,4968,7258.13
2023-12-01,Haryana,3281,2457.95
2023-12-01,Himachal Pradesh,127,222.66
2023-12-01,Jammu and Kashmir,979,1215.90
2023-12-01,Jharkhand,2131,2261.67
2023-12-01,Karnataka,11904,14733.11
2023-12-01,Kerala,6118,5165.73
2023-12-01,Ladakh,0,-874.84
2023-12-01,Madhya Pradesh,6201,7045.51
2023-12-01,Maharashtra,16700,19412.01
2023-12-01,Manipur,14,-2152.50
2023-12-01,Meghalaya,4,-1347.74
2023-12-01,Mizoram,24,-749.72
2023-12-01,Nagaland,0,-382.77
2023-12-01,Odisha,5024,4783.51
2023-12-01,Puducherry,247,115.55
2023-12-01,Punjab,2472,2983.75
2023-12-01,Rajasthan,7889,10407.15
2023-12-01,Sikkim,0,-1054.36
2023-12-01,Tamil Nadu,6360,7260.10
2023-12-01,Tripura,563,-147.75
2023-12-01,Uttar Pradesh,30121,26125.23
2023-12-01,Uttarakhand,1588,1824.65
2023-12-01,West Bengal,3837,2232.44
2024-01-01,Andaman & Nicobar Island,3,-587.40
2024-01-01,Andhra Pradesh,2353,6227.41
2024-01-01,Arunachal Pradesh,7,-9046.99
2024-01-01,Assam,4262,20007.01
2024-01-01,Bihar,8375,-9115.03
2024-01-01,Chandigarh,553,14093.78
2024-01-01,Chhattisgarh,3579,-4469.42
2024-01-01,DNH and DD,35,3508.90
2024-01-01,Delhi,7067,7504.58
2024-01-01,Goa,928,-1364.74
2024-01-01,Gujarat,6288,5898.17
2024-01-01,Haryana,3595,4211.74
2024-01-01,Himachal Pradesh,104,518.02
2024-01-01,Jammu and Kashmir,1034,1044.49
2024-01-01,Jharkhand,1693,2197.03
2024-01-01,Karnataka,14191,12498.18
2024-01-01,Kerala,7790,7524.68
2024-01-01,Ladakh,14,1354.25
2024-01-01,Madhya Pradesh,6766,6931.42
2024-01-01,Maharashtra,18745,18187.59
2024-01-01,Manipur,29,925.94
2024-01-01,Meghalaya,28,48.19
2024-01-01,Mizoram,29,-111.00
2024-01-01,Nagaland,0,-135.04
2024-01-01,Odisha,4444,4935.96
2024-01-01,Puducherry,331,-179.87
2024-01-01,Punjab,2465,2496.67
2024-01-01,Rajasthan,7435,8673.59
2024-01-01,Sikkim,0,-459.98
2024-01-01,Tamil Nadu,8715,6540.36
2024-01-01,Tripura,507,1513.28
2024-01-01,Uttar Pradesh,27833,29564.86
2024-01-01,Uttarakhand,1234,466.38
2024-01-01,West Bengal,2750,2566.70
