State,Vehicle_Class,Month_Name,EV_Sales_Quantity,Year,Date,Predicted_Sales,Prediction_Timestamp
Andaman & Nicobar Island,Bus,JAN,0,2025,2025-01-15,3.881766299954239,2025-09-11 20:40:21
Andaman & Nicobar Island,Bus,FEB,2,2025,2025-02-15,0.007408917311370272,2025-09-11 20:40:21
Andaman & Nicobar Island,Bus,MAR,0,2025,2025-03-15,0.003988029342926678,2025-09-11 20:40:21
Andaman & Nicobar Island,Bus,APR,0,2025,2025-04-15,0.007459907318875696,2025-09-11 20:40:21
Andaman & Nicobar Island,Bus,MAY,0,2025,2025-05-15,1.783695550267208,2025-09-11 20:40:21
Andaman & Nicobar Island,Bus,JUN,0,2025,2025-06-15,0.004073346625745935,2025-09-11 20:40:21
Andaman & Nicobar Island,Bus,JUL,0,2025,2025-07-15,4.257055174078912,2025-09-11 20:40:21
Andaman & Nicobar Island,Bus,AUG,0,2025,2025-08-15,0.003269340161071432,2025-09-11 20:40:21
Andaman & Nicobar Island,4-Wheelers,JAN,4,2025,2025-01-15,5.009679045518587,2025-09-11 20:40:21
Andaman & Nicobar Island,4-Wheelers,FEB,1,2025,2025-02-15,0.0,2025-09-11 20:40:21
Andaman & Nicobar Island,4-Wheelers,MAR,5,2025,2025-03-15,4.731828256389352,2025-09-11 20:40:21
Andaman & Nicobar Island,4-Wheelers,APR,3,2025,2025-04-15,0.005590958305208004,2025-09-11 20:40:21
Andaman & Nicobar Island,4-Wheelers,MAY,3,2025,2025-05-15,4.624332843770094,2025-09-11 20:40:21
Andaman & Nicobar Island,4-Wheelers,JUN,5,2025,2025-06-15,6.880286153099782,2025-09-11 20:40:21
Andaman & Nicobar Island,4-Wheelers,JUL,7,2025,2025-07-15,1.6086657095049741,2025-09-11 20:40:21
Andaman & Nicobar Island,4-Wheelers,AUG,2,2025,2025-08-15,6.083167272873597,2025-09-11 20:40:21
Andaman & Nicobar Island,4-Wheelers,JAN,0,2025,2025-01-15,3.6065669334555115,2025-09-11 20:40:21
Andaman & Nicobar Island,4-Wheelers,FEB,0,2025,2025-02-15,0.0017786857085237784,2025-09-11 20:40:21
Andaman & Nicobar Island,4-Wheelers,MAR,2,2025,2025-03-15,2.2804506997438025,2025-09-11 20:40:21
Andaman & Nicobar Island,4-Wheelers,APR,0,2025,2025-04-15,0.0,2025-09-11 20:40:21
Andaman & Nicobar Island,4-Wheelers,MAY,1,2025,2025-05-15,3.4334695940798228,2025-09-11 20:40:21
Andaman & Nicobar Island,4-Wheelers,JUN,0,2025,2025-06-15,2.694351162334814,2025-09-11 20:40:21
Andaman & Nicobar Island,4-Wheelers,JUL,3,2025,2025-07-15,3.0565617975547266,2025-09-11 20:40:21
Andaman & Nicobar Island,4-Wheelers,AUG,4,2025,2025-08-15,0.0,2025-09-11 20:40:21
Andaman & Nicobar Island,2-Wheelers,JAN,2,2025,2025-01-15,3.10335406968796,2025-09-11 20:40:21
Andaman & Nicobar Island,2-Wheelers,FEB,0,2025,2025-02-15,1.3500124812234342,2025-09-11 20:40:21
Andaman & Nicobar Island,2-Wheelers,MAR,1,2025,2025-03-15,3.2807778401440015,2025-09-11 20:40:21
Andaman & Nicobar Island,2-Wheelers,APR,2,2025,2025-04-15,0.0,2025-09-11 20:40:21
Andaman & Nicobar Island,2-Wheelers,MAY,6,2025,2025-05-15,4.1934776115588255,2025-09-11 20:40:21
Andaman & Nicobar Island,2-Wheelers,JUN,4,2025,2025-06-15,3.1927572920744534,2025-09-11 20:40:21
Andaman & Nicobar Island,2-Wheelers,JUL,4,2025,2025-07-15,2.9232430133329403,2025-09-11 20:40:21
Andaman & Nicobar Island,2-Wheelers,AUG,1,2025,2025-08-15,3.336349579608455,2025-09-11 20:40:21
Andaman & Nicobar Island,2-Wheelers,JAN,0,2025,2025-01-15,0.0,2025-09-11 20:40:21
Andaman & Nicobar Island,2-Wheelers,FEB,0,2025,2025-02-15,2.031162368955468,2025-09-11 20:40:21
Andaman & Nicobar Island,2-Wheelers,MAR,0,2025,2025-03-15,0.0,2025-09-11 20:40:21
Andaman & Nicobar Island,2-Wheelers,APR,0,2025,2025-04-15,0.0,2025-09-11 20:40:21
Andaman & Nicobar Island,2-Wheelers,MAY,0,2025,2025-05-15,0.0,2025-09-11 20:40:21
Andaman & Nicobar Island,2-Wheelers,JUN,0,2025,2025-06-15,0.0,2025-09-11 20:40:21
Andaman & Nicobar Island,2-Wheelers,JUL,10,2025,2025-07-15,0.0,2025-09-11 20:40:21
Andaman & Nicobar Island,2-Wheelers,AUG,5,2025,2025-08-15,0.0,2025-09-11 20:40:21
Andhra Pradesh,4-Wheelers,JAN,0,2025,2025-01-15,0.10130593242065312,2025-09-11 20:40:21
Andhra Pradesh,4-Wheelers,FEB,0,2025,2025-02-15,2.4286725743954864,2025-09-11 20:40:21
Andhra Pradesh,4-Wheelers,MAR,0,2025,2025-03-15,1.3901030900052822,2025-09-11 20:40:21
Andhra Pradesh,4-Wheelers,APR,1,2025,2025-04-15,6.935735707109788,2025-09-11 20:40:21
Andhra Pradesh,4-Wheelers,MAY,1,2025,2025-05-15,0.020406526947251744,2025-09-11 20:40:21
Andhra Pradesh,4-Wheelers,JUN,0,2025,2025-06-15,28.259282231877258,2025-09-11 20:40:21
Andhra Pradesh,4-Wheelers,JUL,0,2025,2025-07-15,1.294020708870775,2025-09-11 20:40:21
Andhra Pradesh,4-Wheelers,AUG,0,2025,2025-08-15,54.952059787663835,2025-09-11 20:40:21
Andhra Pradesh,Others,JAN,0,2025,2025-01-15,2.0728992651705074,2025-09-11 20:40:21
Andhra Pradesh,Others,FEB,0,2025,2025-02-15,51.615757607568156,2025-09-11 20:40:21
Andhra Pradesh,Others,MAR,2,2025,2025-03-15,2.07536341451791,2025-09-11 20:40:21
Andhra Pradesh,Others,APR,0,2025,2025-04-15,63.286265597340886,2025-09-11 20:40:21
Andhra Pradesh,Others,MAY,0,2025,2025-05-15,2.0634076687222165,2025-09-11 20:40:21
Andhra Pradesh,Others,JUN,0,2025,2025-06-15,68.06909402511008,2025-09-11 20:40:21
Andhra Pradesh,Others,JUL,0,2025,2025-07-15,2.0625206372544573,2025-09-11 20:40:21
Andhra Pradesh,Others,AUG,1,2025,2025-08-15,67.068430794378,2025-09-11 20:40:21
Andhra Pradesh,Bus,JAN,0,2025,2025-01-15,0.05972472094629415,2025-09-11 20:40:21
Andhra Pradesh,Bus,FEB,0,2025,2025-02-15,175.65421413157463,2025-09-11 20:40:21
Andhra Pradesh,Bus,MAR,0,2025,2025-03-15,1.9947559256503173,2025-09-11 20:40:21
Andhra Pradesh,Bus,APR,0,2025,2025-04-15,0.7310802167674629,2025-09-11 20:40:21
Andhra Pradesh,Bus,MAY,0,2025,2025-05-15,175.08435533353472,2025-09-11 20:40:21
Andhra Pradesh,Bus,JUN,9,2025,2025-06-15,1.8437777342330681,2025-09-11 20:40:21
Andhra Pradesh,Bus,JUL,5,2025,2025-07-15,0.7535691344744115,2025-09-11 20:40:21
Andhra Pradesh,Bus,AUG,6,2025,2025-08-15,190.2451653194558,2025-09-11 20:40:21
Andhra Pradesh,Others,JAN,1,2025,2025-01-15,1.8392741155681658,2025-09-11 20:40:21
Andhra Pradesh,Others,FEB,2,2025,2025-02-15,2.088062583862068,2025-09-11 20:40:21
Andhra Pradesh,Others,MAR,6,2025,2025-03-15,192.13121595045612,2025-09-11 20:40:21
Andhra Pradesh,Others,APR,8,2025,2025-04-15,3.2160277454190402,2025-09-11 20:40:21
Andhra Pradesh,Others,MAY,4,2025,2025-05-15,2.088062583862068,2025-09-11 20:40:21
Andhra Pradesh,Others,JUN,9,2025,2025-06-15,192.13121595045612,2025-09-11 20:40:21
Andhra Pradesh,Others,JUL,8,2025,2025-07-15,3.2160277454190402,2025-09-11 20:40:21
Andhra Pradesh,Others,AUG,5,2025,2025-08-15,2.0907015352992704,2025-09-11 20:40:21
Andhra Pradesh,4-Wheelers,JAN,312,2025,2025-01-15,192.13121595045612,2025-09-11 20:40:21
Andhra Pradesh,4-Wheelers,FEB,347,2025,2025-02-15,3.2186666968562427,2025-09-11 20:40:21
Andhra Pradesh,4-Wheelers,MAR,361,2025,2025-03-15,2.0910288397135264,2025-09-11 20:40:21
Andhra Pradesh,4-Wheelers,APR,499,2025,2025-04-15,192.13121595045612,2025-09-11 20:40:21
Andhra Pradesh,4-Wheelers,MAY,528,2025,2025-05-15,3.218994001270499,2025-09-11 20:40:21
Andhra Pradesh,4-Wheelers,JUN,531,2025,2025-06-15,2.090193237453152,2025-09-11 20:40:21
Andhra Pradesh,4-Wheelers,JUL,486,2025,2025-07-15,192.13121595045612,2025-09-11 20:40:21
Andhra Pradesh,4-Wheelers,AUG,523,2025,2025-08-15,2.0666668818358165,2025-09-11 20:40:21
Andhra Pradesh,4-Wheelers,JAN,6,2025,2025-01-15,0.023848784045124003,2025-09-11 20:40:21
Andhra Pradesh,4-Wheelers,FEB,4,2025,2025-02-15,0.0036752678951511063,2025-09-11 20:40:21
Andhra Pradesh,4-Wheelers,MAR,4,2025,2025-03-15,0.0,2025-09-11 20:40:21
Andhra Pradesh,4-Wheelers,APR,3,2025,2025-04-15,1.2829344223879058,2025-09-11 20:40:21
Andhra Pradesh,4-Wheelers,MAY,2,2025,2025-05-15,1.2829344223879058,2025-09-11 20:40:21
Andhra Pradesh,4-Wheelers,JUN,2,2025,2025-06-15,5.5538355507192545,2025-09-11 20:40:21
Andhra Pradesh,4-Wheelers,JUL,3,2025,2025-07-15,3.4305239068031845,2025-09-11 20:40:21
Andhra Pradesh,4-Wheelers,AUG,0,2025,2025-08-15,3.729234000105623,2025-09-11 20:40:21
Andhra Pradesh,Others,JAN,0,2025,2025-01-15,0.03016874707387707,2025-09-11 20:40:21
Andhra Pradesh,Others,FEB,0,2025,2025-02-15,1.3336431402376494,2025-09-11 20:40:21
Andhra Pradesh,Others,MAR,0,2025,2025-03-15,0.0264434671272115,2025-09-11 20:40:21
Andhra Pradesh,Others,APR,0,2025,2025-04-15,0.014466826518243618,2025-09-11 20:40:21
Andhra Pradesh,Others,MAY,0,2025,2025-05-15,2.102111775584823,2025-09-11 20:40:21
Andhra Pradesh,Others,JUN,0,2025,2025-06-15,0.010122701222826769,2025-09-11 20:40:21
Andhra Pradesh,Others,JUL,0,2025,2025-07-15,1.9114073347513094,2025-09-11 20:40:21
Andhra Pradesh,Others,AUG,1,2025,2025-08-15,3.9998703132376376,2025-09-11 20:40:21
Andhra Pradesh,3-Wheelers,JAN,0,2025,2025-01-15,0.0,2025-09-11 20:40:21
Andhra Pradesh,3-Wheelers,FEB,1,2025,2025-02-15,1.290376630498393,2025-09-11 20:40:21
Andhra Pradesh,3-Wheelers,MAR,0,2025,2025-03-15,6.73122332261765,2025-09-11 20:40:21
Andhra Pradesh,3-Wheelers,APR,0,2025,2025-04-15,1.255703602259908,2025-09-11 20:40:21
Andhra Pradesh,3-Wheelers,MAY,0,2025,2025-05-15,1.2846335116054985,2025-09-11 20:40:21
Andhra Pradesh,3-Wheelers,JUN,0,2025,2025-06-15,4.164551547668198,2025-09-11 20:40:21
Andhra Pradesh,3-Wheelers,JUL,0,2025,2025-07-15,1.285640103895228,2025-09-11 20:40:21
Andhra Pradesh,3-Wheelers,AUG,0,2025,2025-08-15,1.2915895167018263,2025-09-11 20:40:21
Andhra Pradesh,3-Wheelers,JAN,4,2025,2025-01-15,7.356597809254572,2025-09-11 20:40:21
Andhra Pradesh,3-Wheelers,FEB,16,2025,2025-02-15,1.2595859624579193,2025-09-11 20:40:21
Andhra Pradesh,3-Wheelers,MAR,83,2025,2025-03-15,1.2895597349969172,2025-09-11 20:40:21
Andhra Pradesh,3-Wheelers,APR,205,2025,2025-04-15,6.935293294776049,2025-09-11 20:40:21
Andhra Pradesh,3-Wheelers,MAY,179,2025,2025-05-15,1.2606298256513266,2025-09-11 20:40:21
Andhra Pradesh,3-Wheelers,JUN,248,2025,2025-06-15,1.32828433639564,2025-09-11 20:40:21
Andhra Pradesh,3-Wheelers,JUL,269,2025,2025-07-15,4.920025529930242,2025-09-11 20:40:21
Andhra Pradesh,3-Wheelers,AUG,266,2025,2025-08-15,1.3204107745285913,2025-09-11 20:40:21
Arunachal Pradesh,Bus,JAN,0,2025,2025-01-15,1.5386434745198954,2025-09-11 20:40:21
Arunachal Pradesh,Bus,FEB,0,2025,2025-02-15,3.0320697499467384,2025-09-11 20:40:21
Arunachal Pradesh,Bus,MAR,0,2025,2025-03-15,1.528922624780846,2025-09-11 20:40:21
Arunachal Pradesh,Bus,APR,0,2025,2025-04-15,4.85649384811619,2025-09-11 20:40:21
Arunachal Pradesh,Bus,MAY,10,2025,2025-05-15,2.055677429972637,2025-09-11 20:40:21
Arunachal Pradesh,Bus,JUN,0,2025,2025-06-15,1.5131233395187926,2025-09-11 20:40:21
Arunachal Pradesh,Bus,JUL,0,2025,2025-07-15,6.469499103910554,2025-09-11 20:40:21
Arunachal Pradesh,Bus,AUG,0,2025,2025-08-15,4.510179562634618,2025-09-11 20:40:21
Arunachal Pradesh,4-Wheelers,JAN,15,2025,2025-01-15,9.727795883800011,2025-09-11 20:40:21
Arunachal Pradesh,4-Wheelers,FEB,12,2025,2025-02-15,6.362875140094896,2025-09-11 20:40:21
Arunachal Pradesh,4-Wheelers,MAR,13,2025,2025-03-15,6.303420280607573,2025-09-11 20:40:21
Arunachal Pradesh,4-Wheelers,APR,13,2025,2025-04-15,6.136990533176849,2025-09-11 20:40:21
Arunachal Pradesh,4-Wheelers,MAY,13,2025,2025-05-15,6.141383651786028,2025-09-11 20:40:21
Arunachal Pradesh,4-Wheelers,JUN,16,2025,2025-06-15,7.545363251268861,2025-09-11 20:40:21
Arunachal Pradesh,4-Wheelers,JUL,14,2025,2025-07-15,7.205980369347969,2025-09-11 20:40:21
Arunachal Pradesh,4-Wheelers,AUG,14,2025,2025-08-15,7.078461634407828,2025-09-11 20:40:21
Arunachal Pradesh,2-Wheelers,JAN,1,2025,2025-01-15,0.00413754600727017,2025-09-11 20:40:21
Arunachal Pradesh,2-Wheelers,FEB,3,2025,2025-02-15,0.0,2025-09-11 20:40:21
Arunachal Pradesh,2-Wheelers,MAR,1,2025,2025-03-15,0.0,2025-09-11 20:40:21
Arunachal Pradesh,2-Wheelers,APR,5,2025,2025-04-15,0.0,2025-09-11 20:40:21
Arunachal Pradesh,2-Wheelers,MAY,3,2025,2025-05-15,5.1161671018423585,2025-09-11 20:40:21
Arunachal Pradesh,2-Wheelers,JUN,1,2025,2025-06-15,0.0,2025-09-11 20:40:21
Arunachal Pradesh,2-Wheelers,JUL,8,2025,2025-07-15,0.0,2025-09-11 20:40:21
Arunachal Pradesh,2-Wheelers,AUG,4,2025,2025-08-15,0.0065116041963228675,2025-09-11 20:40:21
Assam,Others,JAN,2,2025,2025-01-15,42.19167637614831,2025-09-11 20:40:21
Assam,Others,FEB,1,2025,2025-02-15,38.723844005232145,2025-09-11 20:40:21
Assam,Others,MAR,1,2025,2025-03-15,91.95379732697933,2025-09-11 20:40:21
Assam,Others,APR,2,2025,2025-04-15,77.19046994615773,2025-09-11 20:40:21
Assam,Others,MAY,0,2025,2025-05-15,90.19367743922695,2025-09-11 20:40:21
Assam,Others,JUN,0,2025,2025-06-15,84.31819315609255,2025-09-11 20:40:21
Assam,Others,JUL,2,2025,2025-07-15,93.83138332315708,2025-09-11 20:40:21
Assam,Others,AUG,2,2025,2025-08-15,64.21183458715909,2025-09-11 20:40:21
Assam,4-Wheelers,JAN,53,2025,2025-01-15,175.5479338139758,2025-09-11 20:40:21
Assam,4-Wheelers,FEB,34,2025,2025-02-15,193.09601248832735,2025-09-11 20:40:21
Assam,4-Wheelers,MAR,47,2025,2025-03-15,11.830914000503542,2025-09-11 20:40:21
Assam,4-Wheelers,APR,57,2025,2025-04-15,1.3389361574572736,2025-09-11 20:40:21
Assam,4-Wheelers,MAY,58,2025,2025-05-15,8.439719132118464,2025-09-11 20:40:21
Assam,4-Wheelers,JUN,60,2025,2025-06-15,1.3192918520074857,2025-09-11 20:40:21
Assam,4-Wheelers,JUL,82,2025,2025-07-15,26.277893031708874,2025-09-11 20:40:21
Assam,4-Wheelers,AUG,44,2025,2025-08-15,1.3454394825325688,2025-09-11 20:40:21
Assam,4-Wheelers,JAN,2,2025,2025-01-15,28.176597291161738,2025-09-11 20:40:21
Assam,4-Wheelers,FEB,0,2025,2025-02-15,1.305728600881665,2025-09-11 20:40:21
Assam,4-Wheelers,MAR,0,2025,2025-03-15,30.095170825691017,2025-09-11 20:40:21
Assam,4-Wheelers,APR,0,2025,2025-04-15,1.3113533636914978,2025-09-11 20:40:21
Assam,4-Wheelers,MAY,0,2025,2025-05-15,30.876591590285415,2025-09-11 20:40:21
Assam,4-Wheelers,JUN,0,2025,2025-06-15,1.3295073495887983,2025-09-11 20:40:21
Assam,4-Wheelers,JUL,0,2025,2025-07-15,38.60314119550947,2025-09-11 20:40:21
Assam,4-Wheelers,AUG,0,2025,2025-08-15,1.396074596926323,2025-09-11 20:40:21
Assam,3-Wheelers,JAN,716,2025,2025-01-15,28.445405640284537,2025-09-11 20:40:21
Assam,3-Wheelers,FEB,777,2025,2025-02-15,1.32899905174268,2025-09-11 20:40:21
Assam,2-Wheelers,JAN,146,2025,2025-01-15,2.222796268893184,2025-09-11 20:40:21
Assam,2-Wheelers,FEB,132,2025,2025-02-15,1.3291114788476435,2025-09-11 20:40:21
Assam,2-Wheelers,MAR,289,2025,2025-03-15,1.3264415449647575,2025-09-11 20:40:21
Assam,2-Wheelers,APR,243,2025,2025-04-15,3.1686205776530483,2025-09-11 20:40:21
Assam,2-Wheelers,MAY,287,2025,2025-05-15,1.2884761874150106,2025-09-11 20:40:21
Assam,2-Wheelers,JUN,266,2025,2025-06-15,1.2953312685221798,2025-09-11 20:40:21
Assam,2-Wheelers,JUL,297,2025,2025-07-15,3.159855471608097,2025-09-11 20:40:21
Assam,2-Wheelers,AUG,201,2025,2025-08-15,3.1565511182085073,2025-09-11 20:40:21
Bihar,Others,JAN,3,2025,2025-01-15,56.895236809913655,2025-09-11 20:40:21
Bihar,Others,FEB,1,2025,2025-02-15,0.0,2025-09-11 20:40:21
Bihar,Others,MAR,3,2025,2025-03-15,55.41773560544478,2025-09-11 20:40:21
Bihar,Others,APR,7,2025,2025-04-15,0.0,2025-09-11 20:40:21
Bihar,Others,MAY,3,2025,2025-05-15,47.35918732598351,2025-09-11 20:40:21
Bihar,Others,JUN,3,2025,2025-06-15,0.0,2025-09-11 20:40:21
Bihar,Others,JUL,4,2025,2025-07-15,68.61092159806131,2025-09-11 20:40:21
Bihar,Others,AUG,1,2025,2025-08-15,1.0819871657406503,2025-09-11 20:40:21
Bihar,4-Wheelers,JAN,91,2025,2025-01-15,71.45627037609592,2025-09-11 20:40:21
Bihar,4-Wheelers,FEB,89,2025,2025-02-15,1.122468842323227,2025-09-11 20:40:21
Bihar,4-Wheelers,MAR,72,2025,2025-03-15,54.50454837953327,2025-09-11 20:40:21
Bihar,4-Wheelers,APR,110,2025,2025-04-15,0.0,2025-09-11 20:40:21
Bihar,4-Wheelers,MAY,115,2025,2025-05-15,83.16535992876274,2025-09-11 20:40:21
Bihar,4-Wheelers,JUN,88,2025,2025-06-15,0.0967961616252494,2025-09-11 20:40:21
Bihar,4-Wheelers,JUL,134,2025,2025-07-15,45.77644467600413,2025-09-11 20:40:21
Bihar,4-Wheelers,AUG,59,2025,2025-08-15,0.9984198093331895,2025-09-11 20:40:21
Bihar,4-Wheelers,JAN,0,2025,2025-01-15,1.8065975665455318,2025-09-11 20:40:21
Bihar,4-Wheelers,FEB,0,2025,2025-02-15,0.9220480593276236,2025-09-11 20:40:21
Bihar,4-Wheelers,MAR,0,2025,2025-03-15,1.9263343090866527,2025-09-11 20:40:21
Bihar,4-Wheelers,APR,1,2025,2025-04-15,5.176381648131968,2025-09-11 20:40:21
Bihar,4-Wheelers,MAY,1,2025,2025-05-15,1.753305052394419,2025-09-11 20:40:21
Bihar,4-Wheelers,JUN,0,2025,2025-06-15,1.8211038087264144,2025-09-11 20:40:21
Bihar,4-Wheelers,JUL,0,2025,2025-07-15,2.8480888833204134,2025-09-11 20:40:21
Bihar,4-Wheelers,AUG,1,2025,2025-08-15,0.8984409719312482,2025-09-11 20:40:21
Chandigarh,4-Wheelers,JAN,0,2025,2025-01-15,22.582508476635276,2025-09-11 20:40:21
Chandigarh,4-Wheelers,FEB,1,2025,2025-02-15,32.876634114651964,2025-09-11 20:40:21
Chandigarh,4-Wheelers,MAR,0,2025,2025-03-15,49.055804083314015,2025-09-11 20:40:21
Chandigarh,4-Wheelers,APR,1,2025,2025-04-15,41.733825545095335,2025-09-11 20:40:21
Chandigarh,4-Wheelers,MAY,1,2025,2025-05-15,36.33862046248605,2025-09-11 20:40:21
Chandigarh,4-Wheelers,JUN,1,2025,2025-06-15,36.863917027349515,2025-09-11 20:40:21
Chandigarh,4-Wheelers,JUL,2,2025,2025-07-15,68.79092799198888,2025-09-11 20:40:21
Chandigarh,4-Wheelers,AUG,0,2025,2025-08-15,32.33309501430934,2025-09-11 20:40:21
Chandigarh,Others,JAN,0,2025,2025-01-15,20.211578591092874,2025-09-11 20:40:21
Chandigarh,Others,FEB,1,2025,2025-02-15,14.550026009973518,2025-09-11 20:40:21
Chandigarh,Others,MAR,0,2025,2025-03-15,6.03680090247014,2025-09-11 20:40:21
Chandigarh,Others,APR,0,2025,2025-04-15,9.292072422545228,2025-09-11 20:40:21
Chandigarh,Others,MAY,0,2025,2025-05-15,18.205163546239937,2025-09-11 20:40:21
Chandigarh,Others,JUN,0,2025,2025-06-15,16.00473948917091,2025-09-11 20:40:21
Chandigarh,Others,JUL,0,2025,2025-07-15,10.089123369292228,2025-09-11 20:40:21
Chandigarh,Others,AUG,1,2025,2025-08-15,15.80842311797663,2025-09-11 20:40:21
Chandigarh,4-Wheelers,JAN,201,2025,2025-01-15,0.03705029481115363,2025-09-11 20:40:21
Chandigarh,4-Wheelers,FEB,119,2025,2025-02-15,132.0853982931438,2025-09-11 20:40:21
Chandigarh,4-Wheelers,MAR,300,2025,2025-03-15,1.4340554368118514,2025-09-11 20:40:21
Chandigarh,4-Wheelers,APR,197,2025,2025-04-15,1.4241163975413411,2025-09-11 20:40:21
Chandigarh,4-Wheelers,MAY,172,2025,2025-05-15,75.31845254096932,2025-09-11 20:40:21
Chandigarh,4-Wheelers,JUN,288,2025,2025-06-15,1.426322734657179,2025-09-11 20:40:21
Chandigarh,4-Wheelers,JUL,236,2025,2025-07-15,1.6161195503379746,2025-09-11 20:40:21
Chandigarh,4-Wheelers,AUG,129,2025,2025-08-15,191.77116674124642,2025-09-11 20:40:21
Chandigarh,4-Wheelers,JAN,3,2025,2025-01-15,2.0645362282447324,2025-09-11 20:40:21
Chandigarh,4-Wheelers,FEB,1,2025,2025-02-15,3.239554101036375,2025-09-11 20:40:21
Chandigarh,4-Wheelers,MAR,1,2025,2025-03-15,129.37305126971555,2025-09-11 20:40:21
Chandigarh,4-Wheelers,APR,1,2025,2025-04-15,3.2160277454190402,2025-09-11 20:40:21
Chandigarh,4-Wheelers,MAY,0,2025,2025-05-15,1.9464479965318675,2025-09-11 20:40:21
Chandigarh,4-Wheelers,JUN,1,2025,2025-06-15,109.06568161709231,2025-09-11 20:40:21
Chandigarh,4-Wheelers,JUL,4,2025,2025-07-15,0.7083408117595789,2025-09-11 20:40:21
Chandigarh,4-Wheelers,AUG,0,2025,2025-08-15,3.2019587645287495,2025-09-11 20:40:21
Chandigarh,3-Wheelers,JAN,26,2025,2025-01-15,189.21975898969995,2025-09-11 20:40:21
Chandigarh,3-Wheelers,FEB,24,2025,2025-02-15,3.2186666968562427,2025-09-11 20:40:21
Chandigarh,3-Wheelers,MAR,22,2025,2025-03-15,3.242520356887834,2025-09-11 20:40:21
Chandigarh,3-Wheelers,APR,22,2025,2025-04-15,149.34537071523138,2025-09-11 20:40:21
Chandigarh,3-Wheelers,MAY,33,2025,2025-05-15,3.218994001270499,2025-09-11 20:40:21
Chandigarh,3-Wheelers,JUN,34,2025,2025-06-15,0.6638512049628787,2025-09-11 20:40:21
Chandigarh,3-Wheelers,JUL,33,2025,2025-07-15,82.11539807096155,2025-09-11 20:40:21
Chandigarh,3-Wheelers,AUG,20,2025,2025-08-15,0.659873833716017,2025-09-11 20:40:21
Chandigarh,2-Wheelers,JAN,55,2025,2025-01-15,0.007494320938736555,2025-09-11 20:40:21
Chandigarh,2-Wheelers,FEB,81,2025,2025-02-15,1.3511286816295855,2025-09-11 20:40:21
Chandigarh,2-Wheelers,MAR,139,2025,2025-03-15,1.295185063020742,2025-09-11 20:40:21
Chandigarh,2-Wheelers,APR,118,2025,2025-04-15,1.2907323495450174,2025-09-11 20:40:21
Chandigarh,2-Wheelers,MAY,98,2025,2025-05-15,0.0,2025-09-11 20:40:21
Chandigarh,2-Wheelers,JUN,96,2025,2025-06-15,1.2977060546394095,2025-09-11 20:40:21
Chandigarh,2-Wheelers,JUL,196,2025,2025-07-15,1.2980333590536657,2025-09-11 20:40:21
Chandigarh,2-Wheelers,AUG,62,2025,2025-08-15,0.9746077973358594,2025-09-11 20:40:21
Chhattisgarh,Others,JAN,4,2025,2025-01-15,43.53839897848308,2025-09-11 20:40:21
Chhattisgarh,Others,FEB,5,2025,2025-02-15,41.619329566628004,2025-09-11 20:40:21
Chhattisgarh,Others,MAR,5,2025,2025-03-15,65.32422097301668,2025-09-11 20:40:21
Chhattisgarh,Others,APR,2,2025,2025-04-15,68.88356217115579,2025-09-11 20:40:21
Chhattisgarh,Others,MAY,5,2025,2025-05-15,81.881180746279,2025-09-11 20:40:21
Chhattisgarh,Others,JUN,7,2025,2025-06-15,113.06477058449337,2025-09-11 20:40:21
Chhattisgarh,Others,JUL,10,2025,2025-07-15,122.74541369531364,2025-09-11 20:40:21
Chhattisgarh,Others,AUG,2,2025,2025-08-15,85.70666198866937,2025-09-11 20:40:21
Chhattisgarh,4-Wheelers,JAN,276,2025,2025-01-15,71.0901028254539,2025-09-11 20:40:21
Chhattisgarh,4-Wheelers,FEB,293,2025,2025-02-15,3.204827338348835,2025-09-11 20:40:21
Chhattisgarh,4-Wheelers,MAR,187,2025,2025-03-15,91.52001993864843,2025-09-11 20:40:21
Chhattisgarh,4-Wheelers,APR,298,2025,2025-04-15,2.0645362282447324,2025-09-11 20:40:21
Chhattisgarh,4-Wheelers,MAY,252,2025,2025-05-15,79.59526269223689,2025-09-11 20:40:21
Chhattisgarh,4-Wheelers,JUN,221,2025,2025-06-15,3.2451520357489674,2025-09-11 20:40:21
Chhattisgarh,4-Wheelers,JUL,250,2025,2025-07-15,90.77839112826402,2025-09-11 20:40:21
Chhattisgarh,4-Wheelers,AUG,64,2025,2025-08-15,3.215777807115319,2025-09-11 20:40:21
Chhattisgarh,4-Wheelers,JAN,4,2025,2025-01-15,84.06833543590695,2025-09-11 20:40:21
Chhattisgarh,4-Wheelers,FEB,0,2025,2025-02-15,2.0645362282447324,2025-09-11 20:40:21
Chhattisgarh,4-Wheelers,MAR,12,2025,2025-03-15,80.28553704486413,2025-09-11 20:40:21
Chhattisgarh,4-Wheelers,APR,2,2025,2025-04-15,3.2186666968562427,2025-09-11 20:40:21
Chhattisgarh,4-Wheelers,MAY,1,2025,2025-05-15,82.12748392363011,2025-09-11 20:40:21
Chhattisgarh,4-Wheelers,JUN,4,2025,2025-06-15,3.218994001270499,2025-09-11 20:40:21
Chhattisgarh,4-Wheelers,JUL,4,2025,2025-07-15,41.65243370144545,2025-09-11 20:40:21
Chhattisgarh,4-Wheelers,AUG,0,2025,2025-08-15,2.0666668818358165,2025-09-11 20:40:21
Chhattisgarh,3-Wheelers,JAN,199,2025,2025-01-15,4.0499640569399205,2025-09-11 20:40:21
Chhattisgarh,3-Wheelers,FEB,185,2025,2025-02-15,5.271209926824565,2025-09-11 20:40:21
Chhattisgarh,3-Wheelers,MAR,246,2025,2025-03-15,4.876768548456261,2025-09-11 20:40:21
Chhattisgarh,3-Wheelers,APR,274,2025,2025-04-15,3.07890146953383,2025-09-11 20:40:21
Chhattisgarh,3-Wheelers,MAY,374,2025,2025-05-15,4.77820382950109,2025-09-11 20:40:21
Chhattisgarh,3-Wheelers,JUN,467,2025,2025-06-15,5.902140489921296,2025-09-11 20:40:21
Chhattisgarh,3-Wheelers,JUL,504,2025,2025-07-15,7.727860587643219,2025-09-11 20:40:21
Chhattisgarh,3-Wheelers,AUG,344,2025,2025-08-15,2.973395225962539,2025-09-11 20:40:21
Delhi,4-Wheelers,JAN,2,2025,2025-01-15,191.22986951904397,2025-09-11 20:40:21
Delhi,4-Wheelers,FEB,0,2025,2025-02-15,1.3216575489268731,2025-09-11 20:40:21
Delhi,4-Wheelers,MAR,2,2025,2025-03-15,67.96432740039975,2025-09-11 20:40:21
Delhi,4-Wheelers,APR,0,2025,2025-04-15,0.231875857715715,2025-09-11 20:40:21
Delhi,4-Wheelers,MAY,0,2025,2025-05-15,63.96322571239377,2025-09-11 20:40:21
Delhi,4-Wheelers,JUN,0,2025,2025-06-15,0.9909313374104523,2025-09-11 20:40:21
Delhi,4-Wheelers,JUL,0,2025,2025-07-15,24.07883842582831,2025-09-11 20:40:21
Delhi,4-Wheelers,AUG,0,2025,2025-08-15,1.3435376131366978,2025-09-11 20:40:21
Delhi,Bus,JAN,68,2025,2025-01-15,2.4730529298062778,2025-09-11 20:40:21
Delhi,Bus,FEB,57,2025,2025-02-15,1.3144116216839377,2025-09-11 20:40:21
Delhi,Bus,MAR,0,2025,2025-03-15,37.524960237972614,2025-09-11 20:40:21
Delhi,Bus,APR,228,2025,2025-04-15,0.0,2025-09-11 20:40:21
Delhi,Bus,MAY,153,2025,2025-05-15,36.43505915488052,2025-09-11 20:40:21
Delhi,Bus,JUN,126,2025,2025-06-15,1.324209891193222,2025-09-11 20:40:21
Delhi,Bus,JUL,199,2025,2025-07-15,2.5603671174144114,2025-09-11 20:40:21
Delhi,Bus,AUG,163,2025,2025-08-15,1.354282247918145,2025-09-11 20:40:21
Delhi,Others,JAN,11,2025,2025-01-15,34.80580294164086,2025-09-11 20:40:21
Delhi,Others,FEB,18,2025,2025-02-15,22.034102225481327,2025-09-11 20:40:21
Delhi,Others,MAR,15,2025,2025-03-15,35.60752911775195,2025-09-11 20:40:21
Delhi,Others,APR,22,2025,2025-04-15,0.0,2025-09-11 20:40:21
Delhi,Others,MAY,22,2025,2025-05-15,193.13410805955084,2025-09-11 20:40:21
Delhi,Others,JUN,25,2025,2025-06-15,179.58758913138772,2025-09-11 20:40:21
Delhi,Others,JUL,39,2025,2025-07-15,88.13578156662543,2025-09-11 20:40:21
Delhi,Others,AUG,28,2025,2025-08-15,193.6017535432294,2025-09-11 20:40:21
Delhi,4-Wheelers,JAN,128,2025,2025-01-15,177.87426606599266,2025-09-11 20:40:21
Delhi,4-Wheelers,FEB,103,2025,2025-02-15,8.981021920127814,2025-09-11 20:40:21
Delhi,4-Wheelers,MAR,4,2025,2025-03-15,15.495553503371159,2025-09-11 20:40:21
Delhi,4-Wheelers,APR,1,2025,2025-04-15,14.952091179958236,2025-09-11 20:40:21
Delhi,4-Wheelers,MAY,65,2025,2025-05-15,19.305921008022587,2025-09-11 20:40:21
Delhi,4-Wheelers,JUN,62,2025,2025-06-15,19.71753305153941,2025-09-11 20:40:21
Delhi,4-Wheelers,JUL,5,2025,2025-07-15,24.36962155512148,2025-09-11 20:40:21
Delhi,4-Wheelers,AUG,60,2025,2025-08-15,35.183010826470216,2025-09-11 20:40:21
Delhi,3-Wheelers,JAN,777,2025,2025-01-15,21.863367978476518,2025-09-11 20:40:21
Goa,Others,JAN,0,2025,2025-01-15,192.52931001835043,2025-09-11 20:40:21
Goa,Others,FEB,1,2025,2025-02-15,108.20912149172156,2025-09-11 20:40:21
Goa,Others,MAR,1,2025,2025-03-15,194.32020070662526,2025-09-11 20:40:21
Goa,Others,APR,0,2025,2025-04-15,100.30643918620298,2025-09-11 20:40:21
Goa,Others,MAY,4,2025,2025-05-15,111.56465017300687,2025-09-11 20:40:21
Goa,Others,JUN,0,2025,2025-06-15,167.06975897291534,2025-09-11 20:40:21
Goa,Others,JUL,0,2025,2025-07-15,102.5930189780619,2025-09-11 20:40:21
Goa,Others,AUG,3,2025,2025-08-15,78.15931985230802,2025-09-11 20:40:21
Goa,4-Wheelers,JAN,95,2025,2025-01-15,1.3448915523763425,2025-09-11 20:40:21
Goa,4-Wheelers,FEB,95,2025,2025-02-15,3.154131176644023,2025-09-11 20:40:21
Goa,4-Wheelers,MAR,146,2025,2025-03-15,1.344881035138433,2025-09-11 20:40:21
Goa,4-Wheelers,APR,123,2025,2025-04-15,1.3387806743588362,2025-09-11 20:40:21
Goa,4-Wheelers,MAY,107,2025,2025-05-15,1.428207392569363,2025-09-11 20:40:21
Goa,4-Wheelers,JUN,123,2025,2025-06-15,2.8550338494185543,2025-09-11 20:40:21
Goa,4-Wheelers,JUL,122,2025,2025-07-15,1.3469511331697086,2025-09-11 20:40:21
Goa,4-Wheelers,AUG,107,2025,2025-08-15,1.3463279187023138,2025-09-11 20:40:21
Goa,4-Wheelers,JAN,4,2025,2025-01-15,36.33304495832258,2025-09-11 20:40:21
Goa,4-Wheelers,FEB,0,2025,2025-02-15,2.547526318452573,2025-09-11 20:40:21
Goa,4-Wheelers,MAR,12,2025,2025-03-15,51.68764044059092,2025-09-11 20:40:21
Goa,4-Wheelers,APR,4,2025,2025-04-15,1.3804365762402069,2025-09-11 20:40:21
Goa,4-Wheelers,MAY,2,2025,2025-05-15,73.95978246045676,2025-09-11 20:40:21
Goa,4-Wheelers,JUN,3,2025,2025-06-15,2.621855672809013,2025-09-11 20:40:21
Goa,4-Wheelers,JUL,1,2025,2025-07-15,74.90318540161162,2025-09-11 20:40:21
Goa,4-Wheelers,AUG,1,2025,2025-08-15,2.512830094790838,2025-09-11 20:40:21
Goa,Bus,JAN,0,2025,2025-01-15,68.86725229936575,2025-09-11 20:40:21
Goa,Bus,FEB,0,2025,2025-02-15,2.543930125728263,2025-09-11 20:40:21
Goa,Bus,MAR,0,2025,2025-03-15,73.05206138524726,2025-09-11 20:40:21
Goa,Bus,APR,2,2025,2025-04-15,2.5616423184893824,2025-09-11 20:40:21
Goa,Bus,MAY,0,2025,2025-05-15,74.62264742319562,2025-09-11 20:40:21
Goa,Bus,JUN,0,2025,2025-06-15,2.5436219291730082,2025-09-11 20:40:21
Goa,Bus,JUL,0,2025,2025-07-15,69.6154296625637,2025-09-11 20:40:21
Goa,Bus,AUG,0,2025,2025-08-15,2.542786326912634,2025-09-11 20:40:21
Goa,3-Wheelers,JAN,0,2025,2025-01-15,1.298953564498132,2025-09-11 20:40:21
Goa,3-Wheelers,FEB,1,2025,2025-02-15,1.2905018952753815,2025-09-11 20:40:21
Goa,3-Wheelers,MAR,0,2025,2025-03-15,1.2887376296930664,2025-09-11 20:40:21
Goa,3-Wheelers,APR,0,2025,2025-04-15,2.633946039986005,2025-09-11 20:40:21
Goa,3-Wheelers,MAY,1,2025,2025-05-15,1.2792091424412402,2025-09-11 20:40:21
Goa,3-Wheelers,JUN,2,2025,2025-06-15,1.2890113054934267,2025-09-11 20:40:21
Goa,3-Wheelers,JUL,0,2025,2025-07-15,1.2917133960249128,2025-09-11 20:40:21
Goa,3-Wheelers,AUG,0,2025,2025-08-15,1.2908777937645382,2025-09-11 20:40:21
Goa,2-Wheelers,JAN,622,2025,2025-01-15,1.3052735275268852,2025-09-11 20:40:21
Goa,2-Wheelers,FEB,342,2025,2025-02-15,2.6413056225453078,2025-09-11 20:40:21
Goa,2-Wheelers,MAR,610,2025,2025-03-15,1.3899116149814237,2025-09-11 20:40:21
Goa,2-Wheelers,APR,317,2025,2025-04-15,1.2884761874150106,2025-09-11 20:40:21
Goa,2-Wheelers,MAY,352,2025,2025-05-15,4.418912400558785,2025-09-11 20:40:21
Goa,2-Wheelers,JUN,525,2025,2025-06-15,1.2939807746927439,2025-09-11 20:40:21
Goa,2-Wheelers,JUL,324,2025,2025-07-15,1.295658572936436,2025-09-11 20:40:21
Goa,2-Wheelers,AUG,245,2025,2025-08-15,3.233966944507436,2025-09-11 20:40:21
Gujarat,4-Wheelers,JAN,4,2025,2025-01-15,0.0,2025-09-11 20:40:21
Gujarat,4-Wheelers,FEB,0,2025,2025-02-15,1.3487229333635415,2025-09-11 20:40:21
Gujarat,4-Wheelers,MAR,1,2025,2025-03-15,1.3469586677812264,2025-09-11 20:40:21
Gujarat,4-Wheelers,APR,1,2025,2025-04-15,0.0,2025-09-11 20:40:21
Gujarat,4-Wheelers,MAY,0,2025,2025-05-15,1.3557297065531533,2025-09-11 20:40:21
Gujarat,4-Wheelers,JUN,1,2025,2025-06-15,0.05452578918452615,2025-09-11 20:40:21
Gujarat,4-Wheelers,JUL,1,2025,2025-07-15,0.01820523577701614,2025-09-11 20:40:21
Gujarat,4-Wheelers,AUG,1,2025,2025-08-15,1.3487027048195435,2025-09-11 20:40:21
Gujarat,Others,JAN,0,2025,2025-01-15,5.369684602070171,2025-09-11 20:40:21
Gujarat,Others,FEB,0,2025,2025-02-15,2.917792423974017,2025-09-11 20:40:21
Gujarat,Others,MAR,0,2025,2025-03-15,27.568309457585006,2025-09-11 20:40:21
Gujarat,Others,APR,0,2025,2025-04-15,27.53049261152041,2025-09-11 20:40:21
Gujarat,Others,MAY,0,2025,2025-05-15,27.812123963688546,2025-09-11 20:40:21
Gujarat,Others,JUN,0,2025,2025-06-15,53.82073507505454,2025-09-11 20:40:21
Gujarat,Others,JUL,2,2025,2025-07-15,47.886022299543846,2025-09-11 20:40:21
Gujarat,Others,AUG,0,2025,2025-08-15,19.837300057487205,2025-09-11 20:40:21
Gujarat,Bus,JAN,0,2025,2025-01-15,2.84577990312009,2025-09-11 20:40:21
Gujarat,Bus,FEB,0,2025,2025-02-15,5.095918509330757,2025-09-11 20:40:21
Gujarat,Bus,MAR,0,2025,2025-03-15,1.2987894624773475,2025-09-11 20:40:21
Gujarat,Bus,APR,0,2025,2025-04-15,191.77116674124642,2025-09-11 20:40:21
Gujarat,Bus,MAY,1,2025,2025-05-15,3.2385391494314715,2025-09-11 20:40:21
Gujarat,Bus,JUN,0,2025,2025-06-15,2.06495809688225,2025-09-11 20:40:21
Gujarat,Bus,JUL,2,2025,2025-07-15,192.13121595045612,2025-09-11 20:40:21
Gujarat,Bus,AUG,2,2025,2025-08-15,2.9942466174793263,2025-09-11 20:40:21
Gujarat,Others,JAN,4,2025,2025-01-15,1.6981070603165949,2025-09-11 20:40:21
Gujarat,Others,FEB,3,2025,2025-02-15,2.7092833885369716,2025-09-11 20:40:21
Gujarat,Others,MAR,8,2025,2025-03-15,0.5730533785895033,2025-09-11 20:40:21
Gujarat,Others,APR,25,2025,2025-04-15,11.400159984414008,2025-09-11 20:40:21
Gujarat,Others,MAY,5,2025,2025-05-15,1.7285410312006724,2025-09-11 20:40:21
Gujarat,Others,JUN,9,2025,2025-06-15,1.7798319113181882,2025-09-11 20:40:21
Gujarat,Others,JUL,11,2025,2025-07-15,1.790927926766759,2025-09-11 20:40:21
Gujarat,Others,AUG,4,2025,2025-08-15,3.342364534252139,2025-09-11 20:40:21
Gujarat,4-Wheelers,FEB,959,2025,2025-02-15,2.007567050255018,2025-09-11 20:40:21
Gujarat,4-Wheelers,MAR,923,2025,2025-03-15,191.77116674124642,2025-09-11 20:40:21
Gujarat,4-Wheelers,AUG,963,2025,2025-08-15,2.0666668818358165,2025-09-11 20:40:21
Gujarat,4-Wheelers,JAN,10,2025,2025-01-15,0.0,2025-09-11 20:40:21
Gujarat,4-Wheelers,FEB,9,2025,2025-02-15,1.2905018952753815,2025-09-11 20:40:21
Gujarat,4-Wheelers,MAR,7,2025,2025-03-15,1.2887376296930664,2025-09-11 20:40:21
Gujarat,4-Wheelers,APR,5,2025,2025-04-15,0.0,2025-09-11 20:40:21
Gujarat,4-Wheelers,MAY,6,2025,2025-05-15,0.8485638226562222,2025-09-11 20:40:21
Gujarat,4-Wheelers,JUN,3,2025,2025-06-15,0.00027711746635298597,2025-09-11 20:40:21
Gujarat,4-Wheelers,JUL,7,2025,2025-07-15,1.0193630056410379,2025-09-11 20:40:21
Gujarat,4-Wheelers,AUG,1,2025,2025-08-15,2.2974253224548407,2025-09-11 20:40:21
Gujarat,3-Wheelers,JAN,7,2025,2025-01-15,0.0,2025-09-11 20:40:21
Gujarat,3-Wheelers,FEB,8,2025,2025-02-15,3.2167186233323655,2025-09-11 20:40:21
Gujarat,3-Wheelers,MAR,86,2025,2025-03-15,1.296037180959024,2025-09-11 20:40:21
Gujarat,3-Wheelers,APR,44,2025,2025-04-15,3.4633982060019943,2025-09-11 20:40:21
Gujarat,3-Wheelers,MAY,71,2025,2025-05-15,1.294272915376709,2025-09-11 20:40:21
Gujarat,3-Wheelers,JUN,214,2025,2025-06-15,7.004483741159565,2025-09-11 20:40:21
Gujarat,3-Wheelers,JUL,130,2025,2025-07-15,0.0,2025-09-11 20:40:21
Gujarat,3-Wheelers,AUG,62,2025,2025-08-15,21.364599478765093,2025-09-11 20:40:21
Gujarat,2-Wheelers,JAN,0,2025,2025-01-15,0.0,2025-09-11 20:40:21
Gujarat,2-Wheelers,FEB,0,2025,2025-02-15,4.879259553721262,2025-09-11 20:40:21
Gujarat,2-Wheelers,MAR,0,2025,2025-03-15,0.0,2025-09-11 20:40:21
Gujarat,2-Wheelers,APR,0,2025,2025-04-15,8.519346969302779,2025-09-11 20:40:21
Gujarat,2-Wheelers,MAY,1,2025,2025-05-15,2.267986301280368,2025-09-11 20:40:21
Gujarat,2-Wheelers,JUN,0,2025,2025-06-15,9.931911675311026,2025-09-11 20:40:21
Gujarat,2-Wheelers,JUL,0,2025,2025-07-15,1.3017500557348811,2025-09-11 20:40:21
Gujarat,2-Wheelers,AUG,0,2025,2025-08-15,5.784403924166324,2025-09-11 20:40:21
Haryana,4-Wheelers,JAN,0,2025,2025-01-15,175.51374511804792,2025-09-11 20:40:21
Haryana,4-Wheelers,FEB,0,2025,2025-02-15,191.33116841020993,2025-09-11 20:40:21
Haryana,4-Wheelers,MAR,0,2025,2025-03-15,194.188584072916,2025-09-11 20:40:21
Haryana,4-Wheelers,APR,0,2025,2025-04-15,93.79359863533394,2025-09-11 20:40:21
Haryana,4-Wheelers,MAY,0,2025,2025-05-15,68.54345619719537,2025-09-11 20:40:21
Haryana,4-Wheelers,JUN,0,2025,2025-06-15,71.58739872205739,2025-09-11 20:40:21
Haryana,4-Wheelers,JUL,0,2025,2025-07-15,88.62799199390498,2025-09-11 20:40:21
Haryana,4-Wheelers,AUG,1,2025,2025-08-15,127.00784551218254,2025-09-11 20:40:21
Haryana,Others,JAN,1,2025,2025-01-15,128.14247718080347,2025-09-11 20:40:21
Haryana,Others,FEB,2,2025,2025-02-15,146.16498067822076,2025-09-11 20:40:21
Haryana,Others,MAR,0,2025,2025-03-15,80.86810095626313,2025-09-11 20:40:21
Haryana,Others,APR,1,2025,2025-04-15,1.3335751952984063,2025-09-11 20:40:21
Haryana,Others,MAY,0,2025,2025-05-15,80.53938870702343,2025-09-11 20:40:21
Haryana,Others,JUN,6,2025,2025-06-15,0.8253039784727879,2025-09-11 20:40:21
Haryana,Others,JUL,0,2025,2025-07-15,193.1016355325622,2025-09-11 20:40:21
Haryana,Others,AUG,5,2025,2025-08-15,40.47878147678056,2025-09-11 20:40:21
Haryana,Bus,JAN,0,2025,2025-01-15,2.0642862899410113,2025-09-11 20:40:21
Haryana,Bus,FEB,1,2025,2025-02-15,193.6017535432294,2025-09-11 20:40:21
Haryana,Bus,MAR,0,2025,2025-03-15,42.767617972809376,2025-09-11 20:40:21
Haryana,Bus,APR,0,2025,2025-04-15,2.0642862899410113,2025-09-11 20:40:21
Haryana,Bus,MAY,0,2025,2025-05-15,66.06923921237842,2025-09-11 20:40:21
Haryana,Bus,JUN,0,2025,2025-06-15,2.0645362282447324,2025-09-11 20:40:21
Haryana,Bus,JUL,5,2025,2025-07-15,71.24316792186241,2025-09-11 20:40:21
Haryana,Bus,AUG,2,2025,2025-08-15,2.0671751796819344,2025-09-11 20:40:21
Haryana,Others,JAN,9,2025,2025-01-15,71.38020973491321,2025-09-11 20:40:21
Haryana,Others,FEB,8,2025,2025-02-15,2.082529147805376,2025-09-11 20:40:21
Haryana,Others,MAR,9,2025,2025-03-15,50.5829626819294,2025-09-11 20:40:21
Haryana,Others,APR,11,2025,2025-04-15,2.0816935455450016,2025-09-11 20:40:21
Haryana,Others,MAY,43,2025,2025-05-15,178.22021993206144,2025-09-11 20:40:21
Haryana,Others,JUN,17,2025,2025-06-15,9.89976943118804,2025-09-11 20:40:21
Haryana,Others,JUL,21,2025,2025-07-15,1.298953564498132,2025-09-11 20:40:21
Haryana,Others,AUG,37,2025,2025-08-15,1.7039994969247616,2025-09-11 20:40:21
Haryana,4-Wheelers,FEB,846,2025,2025-02-15,1.2850123497464008,2025-09-11 20:40:21
Haryana,4-Wheelers,MAR,994,2025,2025-03-15,1.2805596362706761,2025-09-11 20:40:21
Haryana,4-Wheelers,AUG,637,2025,2025-08-15,1.2829344223879058,2025-09-11 20:40:21
Haryana,4-Wheelers,JAN,194,2025,2025-01-15,1.2913860916106563,2025-09-11 20:40:21
Haryana,4-Wheelers,FEB,112,2025,2025-02-15,3.5902970513755745,2025-09-11 20:40:21
Haryana,4-Wheelers,MAR,138,2025,2025-03-15,1.3547313711587312,2025-09-11 20:40:21
Haryana,4-Wheelers,APR,103,2025,2025-04-15,1.3374356777714715,2025-09-11 20:40:21
Haryana,4-Wheelers,MAY,111,2025,2025-05-15,7.549610957837655,2025-09-11 20:40:21
Haryana,4-Wheelers,JUN,112,2025,2025-06-15,2.191089235805493,2025-09-11 20:40:21
Haryana,4-Wheelers,JUL,78,2025,2025-07-15,7.0393026492898585,2025-09-11 20:40:21
Haryana,4-Wheelers,AUG,44,2025,2025-08-15,1.3015998322334648,2025-09-11 20:40:21
Haryana,3-Wheelers,JAN,383,2025,2025-01-15,7.051112435144801,2025-09-11 20:40:21
Haryana,3-Wheelers,FEB,278,2025,2025-02-15,1.3281478846943102,2025-09-11 20:40:21
Haryana,3-Wheelers,MAR,301,2025,2025-03-15,8.715394832662946,2025-09-11 20:40:21
Haryana,3-Wheelers,APR,353,2025,2025-04-15,1.2950800661491533,2025-09-11 20:40:21
Haryana,3-Wheelers,MAY,494,2025,2025-05-15,25.062822618835114,2025-09-11 20:40:21
Haryana,3-Wheelers,JUN,503,2025,2025-06-15,7.4771957459723755,2025-09-11 20:40:21
Haryana,3-Wheelers,JUL,579,2025,2025-07-15,13.35273519733666,2025-09-11 20:40:21
Haryana,3-Wheelers,AUG,457,2025,2025-08-15,1.1211996229368657,2025-09-11 20:40:21
Haryana,2-Wheelers,FEB,635,2025,2025-02-15,14.78993403220929,2025-09-11 20:40:21
Haryana,2-Wheelers,MAR,785,2025,2025-03-15,6.634640002318201,2025-09-11 20:40:21
Haryana,2-Wheelers,AUG,806,2025,2025-08-15,18.812114193308197,2025-09-11 20:40:21
Himachal Pradesh,Others,JAN,0,2025,2025-01-15,22.64088757128894,2025-09-11 20:40:21
Himachal Pradesh,Others,FEB,0,2025,2025-02-15,21.58428129838315,2025-09-11 20:40:21
Himachal Pradesh,Others,MAR,0,2025,2025-03-15,45.67651829713803,2025-09-11 20:40:21
Himachal Pradesh,Others,APR,0,2025,2025-04-15,26.18090319953677,2025-09-11 20:40:21
Himachal Pradesh,Others,MAY,0,2025,2025-05-15,32.697858391119716,2025-09-11 20:40:21
Himachal Pradesh,Others,JUN,3,2025,2025-06-15,37.73173699163499,2025-09-11 20:40:21
Himachal Pradesh,Others,JUL,1,2025,2025-07-15,33.650590555698344,2025-09-11 20:40:21
Himachal Pradesh,Others,AUG,0,2025,2025-08-15,28.578630246747686,2025-09-11 20:40:21
Himachal Pradesh,4-Wheelers,JAN,82,2025,2025-01-15,1.4003783423337972,2025-09-11 20:40:21
Himachal Pradesh,4-Wheelers,FEB,77,2025,2025-02-15,2.2615579593727935,2025-09-11 20:40:21
Himachal Pradesh,4-Wheelers,MAR,61,2025,2025-03-15,1.343945980484233,2025-09-11 20:40:21
Himachal Pradesh,4-Wheelers,APR,73,2025,2025-04-15,0.0,2025-09-11 20:40:21
Himachal Pradesh,4-Wheelers,MAY,95,2025,2025-05-15,1.5360877660303194,2025-09-11 20:40:21
Himachal Pradesh,4-Wheelers,JUN,102,2025,2025-06-15,1.950129978447063,2025-09-11 20:40:21
Himachal Pradesh,4-Wheelers,JUL,83,2025,2025-07-15,1.5838894167627804,2025-09-11 20:40:21
Himachal Pradesh,4-Wheelers,AUG,69,2025,2025-08-15,1.3377088529144072,2025-09-11 20:40:21
Himachal Pradesh,4-Wheelers,JAN,7,2025,2025-01-15,51.34440454066549,2025-09-11 20:40:21
Himachal Pradesh,4-Wheelers,FEB,6,2025,2025-02-15,1.7364510432504012,2025-09-11 20:40:21
Himachal Pradesh,4-Wheelers,MAR,7,2025,2025-03-15,46.7797047599371,2025-09-11 20:40:21
Himachal Pradesh,4-Wheelers,APR,1,2025,2025-04-15,1.1900806560325643,2025-09-11 20:40:21
Himachal Pradesh,4-Wheelers,MAY,0,2025,2025-05-15,35.23902917261533,2025-09-11 20:40:21
Himachal Pradesh,4-Wheelers,JUN,2,2025,2025-06-15,1.5588642831820407,2025-09-11 20:40:21
Himachal Pradesh,4-Wheelers,JUL,4,2025,2025-07-15,47.38324967633259,2025-09-11 20:40:21
Himachal Pradesh,4-Wheelers,AUG,5,2025,2025-08-15,0.9559948978592185,2025-09-11 20:40:21
Himachal Pradesh,3-Wheelers,JAN,1,2025,2025-01-15,61.112742022907305,2025-09-11 20:40:21
Himachal Pradesh,3-Wheelers,FEB,4,2025,2025-02-15,0.0,2025-09-11 20:40:21
Himachal Pradesh,3-Wheelers,MAR,2,2025,2025-03-15,63.47731940160519,2025-09-11 20:40:21
Himachal Pradesh,3-Wheelers,APR,0,2025,2025-04-15,1.172703012812866,2025-09-11 20:40:21
Himachal Pradesh,3-Wheelers,MAY,3,2025,2025-05-15,54.90636974346795,2025-09-11 20:40:21
Himachal Pradesh,3-Wheelers,JUN,5,2025,2025-06-15,1.0298008045242435,2025-09-11 20:40:21
Himachal Pradesh,3-Wheelers,JUL,4,2025,2025-07-15,47.0069377177563,2025-09-11 20:40:21
Himachal Pradesh,3-Wheelers,AUG,2,2025,2025-08-15,1.2462062963843836,2025-09-11 20:40:21
Himachal Pradesh,2-Wheelers,JAN,53,2025,2025-01-15,0.028654569848711096,2025-09-11 20:40:21
Himachal Pradesh,2-Wheelers,FEB,55,2025,2025-02-15,0.0,2025-09-11 20:40:21
Himachal Pradesh,2-Wheelers,MAR,80,2025,2025-03-15,0.0,2025-09-11 20:40:21
Himachal Pradesh,2-Wheelers,APR,50,2025,2025-04-15,0.0,2025-09-11 20:40:21
Himachal Pradesh,2-Wheelers,MAY,80,2025,2025-05-15,0.0,2025-09-11 20:40:21
Himachal Pradesh,2-Wheelers,JUN,97,2025,2025-06-15,2.235285907224188,2025-09-11 20:40:21
Himachal Pradesh,2-Wheelers,JUL,73,2025,2025-07-15,0.9528728985663558,2025-09-11 20:40:21
Himachal Pradesh,2-Wheelers,AUG,39,2025,2025-08-15,0.0,2025-09-11 20:40:21
Jammu and Kashmir,Others,JAN,0,2025,2025-01-15,33.65818061859522,2025-09-11 20:40:21
Jammu and Kashmir,Others,FEB,0,2025,2025-02-15,36.34439697781955,2025-09-11 20:40:21
Jammu and Kashmir,Others,MAR,1,2025,2025-03-15,55.19058266734092,2025-09-11 20:40:21
Jammu and Kashmir,Others,APR,2,2025,2025-04-15,61.88723905431124,2025-09-11 20:40:21
Jammu and Kashmir,Others,MAY,0,2025,2025-05-15,73.35050060517693,2025-09-11 20:40:21
Jammu and Kashmir,Others,JUN,0,2025,2025-06-15,83.74232513876879,2025-09-11 20:40:21
Jammu and Kashmir,Others,JUL,1,2025,2025-07-15,80.58718003100786,2025-09-11 20:40:21
Jammu and Kashmir,Others,AUG,1,2025,2025-08-15,59.72907750650028,2025-09-11 20:40:21
Jammu and Kashmir,4-Wheelers,JAN,40,2025,2025-01-15,22.195305633887752,2025-09-11 20:40:21
Jammu and Kashmir,4-Wheelers,FEB,35,2025,2025-02-15,25.68198811253759,2025-09-11 20:40:21
Jammu and Kashmir,4-Wheelers,MAR,52,2025,2025-03-15,40.02952935553068,2025-09-11 20:40:21
Jammu and Kashmir,4-Wheelers,APR,54,2025,2025-04-15,51.980481767165216,2025-09-11 20:40:21
Jammu and Kashmir,4-Wheelers,MAY,49,2025,2025-05-15,73.34068208847799,2025-09-11 20:40:21
Jammu and Kashmir,4-Wheelers,JUN,31,2025,2025-06-15,76.33431218621679,2025-09-11 20:40:21
Jammu and Kashmir,4-Wheelers,JUL,59,2025,2025-07-15,91.64621822766486,2025-09-11 20:40:21
Jammu and Kashmir,4-Wheelers,AUG,18,2025,2025-08-15,62.200267958939186,2025-09-11 20:40:21
Jammu and Kashmir,4-Wheelers,JAN,0,2025,2025-01-15,19.63953997467086,2025-09-11 20:40:21
Jammu and Kashmir,4-Wheelers,FEB,9,2025,2025-02-15,0.002749652378575705,2025-09-11 20:40:21
Jammu and Kashmir,4-Wheelers,MAR,1,2025,2025-03-15,19.73321240380428,2025-09-11 20:40:21
Jammu and Kashmir,4-Wheelers,APR,2,2025,2025-04-15,2.523479614958369,2025-09-11 20:40:21
Jammu and Kashmir,4-Wheelers,MAY,3,2025,2025-05-15,26.944840470954798,2025-09-11 20:40:21
Jammu and Kashmir,4-Wheelers,JUN,1,2025,2025-06-15,2.4954498416336475,2025-09-11 20:40:21
Jammu and Kashmir,4-Wheelers,JUL,0,2025,2025-07-15,26.08458460075131,2025-09-11 20:40:21
Jammu and Kashmir,4-Wheelers,AUG,0,2025,2025-08-15,2.460926907773834,2025-09-11 20:40:21
Jammu and Kashmir,3-Wheelers,JAN,79,2025,2025-01-15,16.6253590074639,2025-09-11 20:40:21
Jammu and Kashmir,3-Wheelers,FEB,51,2025,2025-02-15,2.460926907773834,2025-09-11 20:40:21
Jammu and Kashmir,3-Wheelers,MAR,146,2025,2025-03-15,9.702032132969352,2025-09-11 20:40:21
Jammu and Kashmir,3-Wheelers,APR,183,2025,2025-04-15,1.3188993646136775,2025-09-11 20:40:21
Jammu and Kashmir,3-Wheelers,MAY,286,2025,2025-05-15,16.50198004484288,2025-09-11 20:40:21
Jammu and Kashmir,3-Wheelers,JUN,280,2025,2025-06-15,1.319226669027934,2025-09-11 20:40:21
Jammu and Kashmir,3-Wheelers,JUL,367,2025,2025-07-15,4.958275998731368,2025-09-11 20:40:21
Jammu and Kashmir,3-Wheelers,AUG,243,2025,2025-08-15,1.3136719722582975,2025-09-11 20:40:21
Jammu and Kashmir,2-Wheelers,JAN,108,2025,2025-01-15,0.007494320938736555,2025-09-11 20:40:21
Jammu and Kashmir,2-Wheelers,FEB,84,2025,2025-02-15,0.019095711513322337,2025-09-11 20:40:21
Jammu and Kashmir,2-Wheelers,MAR,155,2025,2025-03-15,2.477241260170334,2025-09-11 20:40:21
Jammu and Kashmir,2-Wheelers,APR,175,2025,2025-04-15,3.4821615435852404,2025-09-11 20:40:21
Jammu and Kashmir,2-Wheelers,MAY,219,2025,2025-05-15,1.2884761874150106,2025-09-11 20:40:21
Jammu and Kashmir,2-Wheelers,JUN,287,2025,2025-06-15,1.2953312685221798,2025-09-11 20:40:21
Jammu and Kashmir,2-Wheelers,JUL,280,2025,2025-07-15,1.3424960970118593,2025-09-11 20:40:21
Jammu and Kashmir,2-Wheelers,AUG,167,2025,2025-08-15,1.3322031275186528,2025-09-11 20:40:21
Jharkhand,Others,JAN,0,2025,2025-01-15,192.39769338464117,2025-09-11 20:40:21
Jharkhand,Others,FEB,0,2025,2025-02-15,179.11021186980733,2025-09-11 20:40:21
Jharkhand,Others,MAR,1,2025,2025-03-15,194.188584072916,2025-09-11 20:40:21
Jharkhand,Others,APR,0,2025,2025-04-15,192.5187953273605,2025-09-11 20:40:21
Jharkhand,Others,MAY,2,2025,2025-05-15,194.31997677241762,2025-09-11 20:40:21
Jharkhand,Others,JUN,1,2025,2025-06-15,191.12412335195037,2025-09-11 20:40:21
Jharkhand,Others,JUL,2,2025,2025-07-15,192.5187953273605,2025-09-11 20:40:21
Jharkhand,Others,AUG,1,2025,2025-08-15,39.906297071114736,2025-09-11 20:40:21
Jharkhand,4-Wheelers,JAN,75,2025,2025-01-15,38.235356826976265,2025-09-11 20:40:21
Jharkhand,4-Wheelers,FEB,59,2025,2025-02-15,66.76221106936774,2025-09-11 20:40:21
Jharkhand,4-Wheelers,MAR,81,2025,2025-03-15,77.00834737448967,2025-09-11 20:40:21
Jharkhand,4-Wheelers,APR,101,2025,2025-04-15,80.17672883281499,2025-09-11 20:40:21
Jharkhand,4-Wheelers,MAY,108,2025,2025-05-15,127.97948563130957,2025-09-11 20:40:21
Jharkhand,4-Wheelers,JUN,85,2025,2025-06-15,84.94004152488357,2025-09-11 20:40:21
Jharkhand,4-Wheelers,JUL,97,2025,2025-07-15,79.98870706761062,2025-09-11 20:40:21
Jharkhand,4-Wheelers,AUG,63,2025,2025-08-15,17.17269490391204,2025-09-11 20:40:21
Jharkhand,4-Wheelers,JAN,7,2025,2025-01-15,2.547526318452573,2025-09-11 20:40:21
Jharkhand,4-Wheelers,FEB,3,2025,2025-02-15,16.321087619248566,2025-09-11 20:40:21
Jharkhand,4-Wheelers,MAR,0,2025,2025-03-15,2.4514653607639305,2025-09-11 20:40:21
Jharkhand,4-Wheelers,APR,4,2025,2025-04-15,18.78145394197647,2025-09-11 20:40:21
Jharkhand,4-Wheelers,MAY,4,2025,2025-05-15,1.4059179191704,2025-09-11 20:40:21
Jharkhand,4-Wheelers,JUN,4,2025,2025-06-15,36.59264724432867,2025-09-11 20:40:21
Jharkhand,4-Wheelers,JUL,2,2025,2025-07-15,2.544835794028834,2025-09-11 20:40:21
Jharkhand,4-Wheelers,AUG,1,2025,2025-08-15,22.598476382100497,2025-09-11 20:40:21
Jharkhand,3-Wheelers,JAN,191,2025,2025-01-15,2.5156472141923527,2025-09-11 20:40:21
Jharkhand,3-Wheelers,FEB,183,2025,2025-02-15,45.842858049980514,2025-09-11 20:40:21
Jharkhand,3-Wheelers,MAR,273,2025,2025-03-15,2.5432946247587522,2025-09-11 20:40:21
Jharkhand,3-Wheelers,APR,323,2025,2025-04-15,19.77339058655108,2025-09-11 20:40:21
Jharkhand,3-Wheelers,MAY,426,2025,2025-05-15,1.3801384921299253,2025-09-11 20:40:21
Jharkhand,3-Wheelers,JUN,499,2025,2025-06-15,13.278239704623306,2025-09-11 20:40:21
Jharkhand,3-Wheelers,JUL,628,2025,2025-07-15,1.3892381076748306,2025-09-11 20:40:21
Jharkhand,3-Wheelers,AUG,407,2025,2025-08-15,1.3052735275268852,2025-09-11 20:40:21
Jharkhand,2-Wheelers,JAN,675,2025,2025-01-15,1.3006746085497227,2025-09-11 20:40:21
Jharkhand,2-Wheelers,FEB,570,2025,2025-02-15,1.5891016593862226,2025-09-11 20:40:21
Jharkhand,2-Wheelers,MAR,892,2025,2025-03-15,1.2893818557155814,2025-09-11 20:40:21
Jharkhand,2-Wheelers,APR,625,2025,2025-04-15,2.4908565431762355,2025-09-11 20:40:21
Jharkhand,2-Wheelers,MAY,876,2025,2025-05-15,1.3324615656857537,2025-09-11 20:40:21
Jharkhand,2-Wheelers,JUL,905,2025,2025-07-15,2.3019175878624822,2025-09-11 20:40:21
Jharkhand,2-Wheelers,AUG,685,2025,2025-08-15,1.3249788184696587,2025-09-11 20:40:21
Karnataka,4-Wheelers,JAN,1,2025,2025-01-15,1.3571746025862923,2025-09-11 20:40:21
Karnataka,4-Wheelers,FEB,2,2025,2025-02-15,146.03242521434183,2025-09-11 20:40:21
Karnataka,4-Wheelers,MAR,0,2025,2025-03-15,3.339748321255235,2025-09-11 20:40:21
Karnataka,4-Wheelers,APR,0,2025,2025-04-15,56.59992137482528,2025-09-11 20:40:21
Karnataka,4-Wheelers,MAY,2,2025,2025-05-15,2.0606162149605574,2025-09-11 20:40:21
Karnataka,4-Wheelers,JUN,0,2025,2025-06-15,152.7399211307253,2025-09-11 20:40:21
Karnataka,4-Wheelers,JUL,3,2025,2025-07-15,2.0103111488202967,2025-09-11 20:40:21
Karnataka,4-Wheelers,AUG,0,2025,2025-08-15,2.2438227637222194,2025-09-11 20:40:21
Karnataka,Others,JAN,3,2025,2025-01-15,3.3404201281964734,2025-09-11 20:40:21
Karnataka,Others,FEB,0,2025,2025-02-15,174.43969275592022,2025-09-11 20:40:21
Karnataka,Others,MAR,4,2025,2025-03-15,2.06308036430796,2025-09-11 20:40:21
Karnataka,Others,APR,0,2025,2025-04-15,193.07060724055287,2025-09-11 20:40:21
Karnataka,Others,MAY,11,2025,2025-05-15,3.3425397750168937,2025-09-11 20:40:21
Karnataka,Others,JUN,0,2025,2025-06-15,34.721882789477036,2025-09-11 20:40:21
Karnataka,Others,JUL,0,2025,2025-07-15,2.0748036874644074,2025-09-11 20:40:21
Karnataka,Others,AUG,12,2025,2025-08-15,96.2153655259515,2025-09-11 20:40:21
Karnataka,Bus,JAN,119,2025,2025-01-15,1.3448915523763425,2025-09-11 20:40:21
Karnataka,Bus,FEB,72,2025,2025-02-15,63.44837130906777,2025-09-11 20:40:21
Karnataka,Bus,MAR,113,2025,2025-03-15,2.0606162149605574,2025-09-11 20:40:21
Karnataka,Bus,APR,6,2025,2025-04-15,55.63399404187315,2025-09-11 20:40:21
Karnataka,Bus,MAY,1,2025,2025-05-15,2.0606162149605574,2025-09-11 20:40:21
Karnataka,Bus,JUN,0,2025,2025-06-15,50.67999030721499,2025-09-11 20:40:21
Karnataka,Bus,JUL,1,2025,2025-07-15,2.0195428268141313,2025-09-11 20:40:21
Karnataka,Bus,AUG,4,2025,2025-08-15,100.47159084092175,2025-09-11 20:40:21
Karnataka,Others,JAN,13,2025,2025-01-15,2.0606162149605574,2025-09-11 20:40:21
Karnataka,Others,FEB,9,2025,2025-02-15,147.63147235894212,2025-09-11 20:40:21
Karnataka,Others,MAR,16,2025,2025-03-15,2.06308036430796,2025-09-11 20:40:21
Karnataka,Others,APR,13,2025,2025-04-15,190.1086622045372,2025-09-11 20:40:21
Karnataka,Others,MAY,34,2025,2025-05-15,3.3425397750168937,2025-09-11 20:40:21
Karnataka,Others,JUN,30,2025,2025-06-15,156.37011424933303,2025-09-11 20:40:21
Karnataka,Others,JUL,72,2025,2025-07-15,2.0625206372544573,2025-09-11 20:40:21
Karnataka,Others,AUG,31,2025,2025-08-15,134.7517621115368,2025-09-11 20:40:21
Karnataka,4-Wheelers,JAN,307,2025,2025-01-15,1.3335751952984063,2025-09-11 20:40:21
Karnataka,4-Wheelers,FEB,178,2025,2025-02-15,184.48767340912048,2025-09-11 20:40:21
Karnataka,4-Wheelers,MAR,174,2025,2025-03-15,3.2160277454190402,2025-09-11 20:40:21
Karnataka,4-Wheelers,APR,116,2025,2025-04-15,113.99897988530536,2025-09-11 20:40:21
Karnataka,4-Wheelers,MAY,89,2025,2025-05-15,2.0645362282447324,2025-09-11 20:40:21
Karnataka,4-Wheelers,JUN,117,2025,2025-06-15,79.44414893090477,2025-09-11 20:40:21
Karnataka,4-Wheelers,JUL,82,2025,2025-07-15,0.7066650226198468,2025-09-11 20:40:21
Karnataka,4-Wheelers,AUG,112,2025,2025-08-15,73.16474636304218,2025-09-11 20:40:21
Karnataka,Bus,JAN,0,2025,2025-01-15,3.2206462494978743,2025-09-11 20:40:21
Karnataka,Bus,FEB,0,2025,2025-02-15,56.356005596207616,2025-09-11 20:40:21
Karnataka,Bus,MAR,0,2025,2025-03-15,2.087647617183532,2025-09-11 20:40:21
Karnataka,Bus,APR,2,2025,2025-04-15,70.20006504314406,2025-09-11 20:40:21
Karnataka,Bus,MAY,0,2025,2025-05-15,3.2403721070726674,2025-09-11 20:40:21
Karnataka,Bus,JUN,0,2025,2025-06-15,54.58083916964134,2025-09-11 20:40:21
Karnataka,Bus,JUL,0,2025,2025-07-15,2.087139319337414,2025-09-11 20:40:21
Karnataka,Bus,AUG,0,2025,2025-08-15,71.54723705388535,2025-09-11 20:40:21
Karnataka,3-Wheelers,JAN,0,2025,2025-01-15,66.26045267431144,2025-09-11 20:40:21
Karnataka,3-Wheelers,FEB,0,2025,2025-02-15,1.2856253450291557,2025-09-11 20:40:21
Karnataka,3-Wheelers,MAR,1,2025,2025-03-15,77.12768634020968,2025-09-11 20:40:21
Karnataka,3-Wheelers,APR,2,2025,2025-04-15,1.311491449682559,2025-09-11 20:40:21
Karnataka,3-Wheelers,MAY,1,2025,2025-05-15,80.0511267520819,2025-09-11 20:40:21
Karnataka,3-Wheelers,JUN,1,2025,2025-06-15,1.3312931285374319,2025-09-11 20:40:21
Karnataka,3-Wheelers,JUL,3,2025,2025-07-15,1.6723462806241842,2025-09-11 20:40:21
Karnataka,3-Wheelers,AUG,1,2025,2025-08-15,0.7665677686044502,2025-09-11 20:40:21
Karnataka,3-Wheelers,JAN,232,2025,2025-01-15,1.2339547001072155,2025-09-11 20:40:21
Karnataka,3-Wheelers,FEB,218,2025,2025-02-15,1.233624935060193,2025-09-11 20:40:21
Karnataka,3-Wheelers,MAR,179,2025,2025-03-15,1.2636411927012536,2025-09-11 20:40:21
Karnataka,3-Wheelers,APR,409,2025,2025-04-15,1.2537169337482872,2025-09-11 20:40:21
Karnataka,3-Wheelers,MAY,596,2025,2025-05-15,1.2443419214879936,2025-09-11 20:40:21
Karnataka,3-Wheelers,JUN,750,2025,2025-06-15,1.2879881160782471,2025-09-11 20:40:21
Karnataka,3-Wheelers,JUL,627,2025,2025-07-15,2.235436730197696,2025-09-11 20:40:21
Karnataka,3-Wheelers,AUG,521,2025,2025-08-15,1.2871525138178725,2025-09-11 20:40:21
Karnataka,2-Wheelers,JAN,0,2025,2025-01-15,3.6994149502421787,2025-09-11 20:40:21
Karnataka,2-Wheelers,FEB,3,2025,2025-02-15,10.325802566185589,2025-09-11 20:40:21
Karnataka,2-Wheelers,MAR,1,2025,2025-03-15,1.2607090577851041,2025-09-11 20:40:21
Karnataka,2-Wheelers,APR,3,2025,2025-04-15,7.482141309148541,2025-09-11 20:40:21
Karnataka,2-Wheelers,MAY,2,2025,2025-05-15,4.905630301003115,2025-09-11 20:40:21
Karnataka,2-Wheelers,JUN,0,2025,2025-06-15,11.392603474343606,2025-09-11 20:40:21
Karnataka,2-Wheelers,JUL,5,2025,2025-07-15,0.0,2025-09-11 20:40:21
Karnataka,2-Wheelers,AUG,0,2025,2025-08-15,10.251791860878802,2025-09-11 20:40:21
Karnataka,2-Wheelers,JAN,442,2025,2025-01-15,9.728918500240797,2025-09-11 20:40:21
Karnataka,2-Wheelers,FEB,148,2025,2025-02-15,18.779309875788016,2025-09-11 20:40:21
Karnataka,2-Wheelers,MAR,483,2025,2025-03-15,1.1508708196490443,2025-09-11 20:40:21
Karnataka,2-Wheelers,APR,10,2025,2025-04-15,16.92255154218358,2025-09-11 20:40:21
Karnataka,2-Wheelers,MAY,551,2025,2025-05-15,1.1719122773884023,2025-09-11 20:40:21
Karnataka,2-Wheelers,JUN,711,2025,2025-06-15,50.0665217434731,2025-09-11 20:40:21
Karnataka,2-Wheelers,JUL,75,2025,2025-07-15,12.413651895776594,2025-09-11 20:40:21
Karnataka,2-Wheelers,AUG,304,2025,2025-08-15,23.555238566799925,2025-09-11 20:40:21
Kerala,4-Wheelers,JAN,1,2025,2025-01-15,1.4896964092019416,2025-09-11 20:40:21
Kerala,4-Wheelers,FEB,1,2025,2025-02-15,0.0,2025-09-11 20:40:21
Kerala,4-Wheelers,MAR,0,2025,2025-03-15,0.0,2025-09-11 20:40:21
Kerala,4-Wheelers,APR,1,2025,2025-04-15,0.0,2025-09-11 20:40:21
Kerala,4-Wheelers,MAY,2,2025,2025-05-15,2.656765212260787,2025-09-11 20:40:21
Kerala,4-Wheelers,JUN,0,2025,2025-06-15,0.0,2025-09-11 20:40:21
Kerala,4-Wheelers,JUL,1,2025,2025-07-15,1.370290915492929,2025-09-11 20:40:21
Kerala,4-Wheelers,AUG,0,2025,2025-08-15,0.051415475308453994,2025-09-11 20:40:21
Kerala,Bus,JAN,4,2025,2025-01-15,1.3364685720427623,2025-09-11 20:40:21
Kerala,Bus,FEB,0,2025,2025-02-15,1.338843358159992,2025-09-11 20:40:21
Kerala,Bus,MAR,0,2025,2025-03-15,0.06462879887693278,2025-09-11 20:40:21
Kerala,Bus,APR,0,2025,2025-04-15,0.06767714098457832,2025-09-11 20:40:21
Kerala,Bus,MAY,0,2025,2025-05-15,1.3499344341130728,2025-09-11 20:40:21
Kerala,Bus,JUN,0,2025,2025-06-15,1.3499344341130728,2025-09-11 20:40:21
Kerala,Bus,JUL,0,2025,2025-07-15,1.3487027048195435,2025-09-11 20:40:21
Kerala,Bus,AUG,5,2025,2025-08-15,3.556877786300733,2025-09-11 20:40:21
Kerala,Others,JAN,9,2025,2025-01-15,0.0,2025-09-11 20:40:21
Kerala,Others,FEB,13,2025,2025-02-15,16.280744122919284,2025-09-11 20:40:21
Kerala,Others,MAR,20,2025,2025-03-15,0.0,2025-09-11 20:40:21
Kerala,Others,APR,19,2025,2025-04-15,25.44175824180333,2025-09-11 20:40:21
Kerala,Others,MAY,28,2025,2025-05-15,1.1743063961608815,2025-09-11 20:40:21
Kerala,Others,JUN,18,2025,2025-06-15,47.86868173950363,2025-09-11 20:40:21
Kerala,Others,JUL,36,2025,2025-07-15,1.8920576969955392,2025-09-11 20:40:21
Kerala,Others,AUG,39,2025,2025-08-15,76.26481910410837,2025-09-11 20:40:21
Kerala,4-Wheelers,AUG,831,2025,2025-08-15,3.3487435732468045,2025-09-11 20:40:21
Kerala,4-Wheelers,JAN,7,2025,2025-01-15,107.58968754541834,2025-09-11 20:40:21
Kerala,4-Wheelers,FEB,12,2025,2025-02-15,2.043389847739397,2025-09-11 20:40:21
Kerala,4-Wheelers,MAR,19,2025,2025-03-15,102.4880283993473,2025-09-11 20:40:21
Kerala,4-Wheelers,APR,14,2025,2025-04-15,3.314503838490495,2025-09-11 20:40:21
Kerala,4-Wheelers,MAY,44,2025,2025-05-15,116.77240067796697,2025-09-11 20:40:21
Kerala,4-Wheelers,JUN,5,2025,2025-06-15,3.321763327521872,2025-09-11 20:40:21
Kerala,4-Wheelers,JUL,14,2025,2025-07-15,78.30509123518941,2025-09-11 20:40:21
Kerala,4-Wheelers,AUG,4,2025,2025-08-15,1.2958248280447586,2025-09-11 20:40:21
Kerala,3-Wheelers,JAN,0,2025,2025-01-15,4.497237539022426,2025-09-11 20:40:21
Kerala,3-Wheelers,FEB,0,2025,2025-02-15,1.1492523979887699,2025-09-11 20:40:21
Kerala,3-Wheelers,MAR,2,2025,2025-03-15,4.288830628847978,2025-09-11 20:40:21
Kerala,3-Wheelers,APR,8,2025,2025-04-15,0.0,2025-09-11 20:40:21
Kerala,3-Wheelers,MAY,7,2025,2025-05-15,6.129337584853274,2025-09-11 20:40:21
Kerala,3-Wheelers,JUN,3,2025,2025-06-15,1.0996991750687288,2025-09-11 20:40:21
Kerala,3-Wheelers,JUL,4,2025,2025-07-15,5.366034625796495,2025-09-11 20:40:21
Kerala,3-Wheelers,AUG,3,2025,2025-08-15,2.392509851532169,2025-09-11 20:40:21
Kerala,3-Wheelers,JAN,18,2025,2025-01-15,17.49928723825525,2025-09-11 20:40:21
Kerala,3-Wheelers,FEB,28,2025,2025-02-15,0.0,2025-09-11 20:40:21
Kerala,3-Wheelers,MAR,155,2025,2025-03-15,1.0675820814258938,2025-09-11 20:40:21
Kerala,3-Wheelers,APR,305,2025,2025-04-15,2.358961070701785,2025-09-11 20:40:21
Kerala,3-Wheelers,MAY,432,2025,2025-05-15,3.6057975397945796,2025-09-11 20:40:21
Kerala,3-Wheelers,JUN,418,2025,2025-06-15,1.2117707466909968,2025-09-11 20:40:21
Kerala,3-Wheelers,JUL,469,2025,2025-07-15,191.7631230159404,2025-09-11 20:40:21
Kerala,3-Wheelers,AUG,310,2025,2025-08-15,3.2181583990101243,2025-09-11 20:40:21
Kerala,2-Wheelers,JAN,1,2025,2025-01-15,2.03537077404487,2025-09-11 20:40:21
Kerala,2-Wheelers,FEB,0,2025,2025-02-15,0.0,2025-09-11 20:40:21
Kerala,2-Wheelers,MAR,6,2025,2025-03-15,0.0,2025-09-11 20:40:21
Kerala,2-Wheelers,APR,1,2025,2025-04-15,0.0,2025-09-11 20:40:21
Kerala,2-Wheelers,MAY,0,2025,2025-05-15,1.2820222747438725,2025-09-11 20:40:21
Kerala,2-Wheelers,JUN,0,2025,2025-06-15,0.0,2025-09-11 20:40:21
Kerala,2-Wheelers,JUL,0,2025,2025-07-15,1.2917133960249128,2025-09-11 20:40:21
Kerala,2-Wheelers,AUG,0,2025,2025-08-15,3.635609888802045,2025-09-11 20:40:21
Kerala,2-Wheelers,JAN,0,2025,2025-01-15,7.717794182820842,2025-09-11 20:40:21
Kerala,2-Wheelers,FEB,0,2025,2025-02-15,9.544705716228185,2025-09-11 20:40:21
Kerala,2-Wheelers,MAR,0,2025,2025-03-15,17.40754242812533,2025-09-11 20:40:21
Kerala,2-Wheelers,APR,0,2025,2025-04-15,17.12912528560355,2025-09-11 20:40:21
Kerala,2-Wheelers,MAY,0,2025,2025-05-15,23.19301147027529,2025-09-11 20:40:21
Kerala,2-Wheelers,JUN,0,2025,2025-06-15,17.313271627735105,2025-09-11 20:40:21
Kerala,2-Wheelers,JUL,0,2025,2025-07-15,32.89182339206383,2025-09-11 20:40:21
Kerala,2-Wheelers,AUG,10,2025,2025-08-15,21.29221580993819,2025-09-11 20:40:21
Ladakh,4-Wheelers,JAN,0,2025,2025-01-15,0.0,2025-09-11 20:40:21
Ladakh,4-Wheelers,FEB,0,2025,2025-02-15,0.0,2025-09-11 20:40:21
Ladakh,4-Wheelers,MAR,1,2025,2025-03-15,1.7266485556335525,2025-09-11 20:40:21
Ladakh,4-Wheelers,APR,0,2025,2025-04-15,0.0,2025-09-11 20:40:21
Ladakh,4-Wheelers,MAY,0,2025,2025-05-15,0.0,2025-09-11 20:40:21
Ladakh,4-Wheelers,JUN,0,2025,2025-06-15,0.0,2025-09-11 20:40:21
Ladakh,4-Wheelers,JUL,0,2025,2025-07-15,0.0,2025-09-11 20:40:21
Ladakh,4-Wheelers,AUG,0,2025,2025-08-15,0.000347772909950023,2025-09-11 20:40:21
Lakshadweep,2-Wheelers,JAN,1,2025,2025-01-15,2.4227991847042456,2025-09-11 20:40:21
Lakshadweep,2-Wheelers,FEB,0,2025,2025-02-15,0.005382274676082359,2025-09-11 20:40:21
Lakshadweep,2-Wheelers,MAR,0,2025,2025-03-15,0.004238162428175227,2025-09-11 20:40:21
Lakshadweep,2-Wheelers,APR,2,2025,2025-04-15,3.7411861174335197,2025-09-11 20:40:21
Lakshadweep,2-Wheelers,MAY,2,2025,2025-05-15,3.686658282796667,2025-09-11 20:40:21
Lakshadweep,2-Wheelers,JUN,1,2025,2025-06-15,2.0193017952709353,2025-09-11 20:40:21
Lakshadweep,2-Wheelers,JUL,0,2025,2025-07-15,0.0060207135519699225,2025-09-11 20:40:21
Lakshadweep,2-Wheelers,AUG,0,2025,2025-08-15,0.010515847778507038,2025-09-11 20:40:21
UT of DNH and DD,Others,JAN,0,2025,2025-01-15,7.862052576838251,2025-09-11 20:40:21
UT of DNH and DD,Others,FEB,0,2025,2025-02-15,6.689634336314646,2025-09-11 20:40:21
UT of DNH and DD,Others,MAR,1,2025,2025-03-15,7.639221215831239,2025-09-11 20:40:21
UT of DNH and DD,Others,APR,0,2025,2025-04-15,7.312504114681755,2025-09-11 20:40:21
UT of DNH and DD,Others,MAY,0,2025,2025-05-15,7.217738903354422,2025-09-11 20:40:21
UT of DNH and DD,Others,JUN,0,2025,2025-06-15,6.533737881216399,2025-09-11 20:40:21
UT of DNH and DD,Others,JUL,0,2025,2025-07-15,7.401570624732785,2025-09-11 20:40:21
UT of DNH and DD,Others,AUG,0,2025,2025-08-15,1.9495663022518261,2025-09-11 20:40:21
UT of DNH and DD,4-Wheelers,JAN,50,2025,2025-01-15,32.201942045551114,2025-09-11 20:40:21
UT of DNH and DD,4-Wheelers,FEB,23,2025,2025-02-15,1.1466014836377014,2025-09-11 20:40:21
UT of DNH and DD,4-Wheelers,MAR,16,2025,2025-03-15,19.742786212627546,2025-09-11 20:40:21
UT of DNH and DD,4-Wheelers,APR,29,2025,2025-04-15,0.0,2025-09-11 20:40:21
UT of DNH and DD,4-Wheelers,MAY,31,2025,2025-05-15,12.349645309118609,2025-09-11 20:40:21
UT of DNH and DD,4-Wheelers,JUN,26,2025,2025-06-15,1.1348598236648377,2025-09-11 20:40:21
UT of DNH and DD,4-Wheelers,JUL,30,2025,2025-07-15,15.482315134576378,2025-09-11 20:40:21
UT of DNH and DD,4-Wheelers,AUG,22,2025,2025-08-15,9.064569114561841,2025-09-11 20:40:21
UT of DNH and DD,4-Wheelers,JAN,2,2025,2025-01-15,26.88829450381695,2025-09-11 20:40:21
UT of DNH and DD,4-Wheelers,FEB,0,2025,2025-02-15,0.0,2025-09-11 20:40:21
UT of DNH and DD,4-Wheelers,MAR,1,2025,2025-03-15,24.14392060794131,2025-09-11 20:40:21
UT of DNH and DD,4-Wheelers,APR,7,2025,2025-04-15,0.0,2025-09-11 20:40:21
UT of DNH and DD,4-Wheelers,MAY,0,2025,2025-05-15,26.319872509220897,2025-09-11 20:40:21
UT of DNH and DD,4-Wheelers,JUN,0,2025,2025-06-15,0.0,2025-09-11 20:40:21
UT of DNH and DD,4-Wheelers,JUL,0,2025,2025-07-15,21.09043123631313,2025-09-11 20:40:21
UT of DNH and DD,4-Wheelers,AUG,0,2025,2025-08-15,0.0,2025-09-11 20:40:21
UT of DNH and DD,2-Wheelers,JAN,10,2025,2025-01-15,0.011854846605845232,2025-09-11 20:40:21
UT of DNH and DD,2-Wheelers,FEB,8,2025,2025-02-15,0.0,2025-09-11 20:40:21
UT of DNH and DD,2-Wheelers,MAR,16,2025,2025-03-15,1.1718590875980688,2025-09-11 20:40:21
UT of DNH and DD,2-Wheelers,APR,13,2025,2025-04-15,0.0,2025-09-11 20:40:21
UT of DNH and DD,2-Wheelers,MAY,10,2025,2025-05-15,0.0,2025-09-11 20:40:21
UT of DNH and DD,2-Wheelers,JUN,7,2025,2025-06-15,0.0024674382256831234,2025-09-11 20:40:21
UT of DNH and DD,2-Wheelers,JUL,13,2025,2025-07-15,0.003061095485764255,2025-09-11 20:40:21
UT of DNH and DD,2-Wheelers,AUG,3,2025,2025-08-15,0.004925379714090812,2025-09-11 20:40:21
